"State_From","State_To","Date","Num_Units","Param1","Param2","Param3"
"Connecticut","New Jersey",2020-04-07,69,"0.2",0,0.5
"Delaware","New Jersey",2020-04-07,22,"0.2",0,0.5
"Maine","New York",2020-04-07,22,"0.2",0,0.5
"Maryland","New Jersey",2020-04-07,100,"0.2",0,0.5
"Massachusetts","New York",2020-04-07,149,"0.2",0,0.5
"Michigan","New York",2020-04-07,113,"0.2",0,0.5
"New Hampshire","New York",2020-04-07,22,"0.2",0,0.5
"North Carolina","New Jersey",2020-04-07,196,"0.2",0,0.5
"Ohio","New York",2020-04-07,276,"0.2",0,0.5
"Pennsylvania","New York",2020-04-07,304,"0.2",0,0.5
"Rhode Island","New Jersey",2020-04-07,20,"0.2",0,0.5
"South Carolina","New Jersey",2020-04-07,66,"0.2",0,0.5
"Vermont","New York",2020-04-07,9,"0.2",0,0.5
"Virginia","New Jersey",2020-04-07,142,"0.2",0,0.5
"West Virginia","New Jersey",2020-04-07,54,"0.2",0,0.5
"Connecticut","New Jersey",2020-04-07,69,"0.2",0,0.75
"Delaware","New Jersey",2020-04-07,22,"0.2",0,0.75
"Maine","New York",2020-04-07,22,"0.2",0,0.75
"Maryland","New Jersey",2020-04-07,100,"0.2",0,0.75
"Massachusetts","New Jersey",2020-04-07,66,"0.2",0,0.75
"Massachusetts","New York",2020-04-07,83,"0.2",0,0.75
"New Hampshire","New York",2020-04-07,22,"0.2",0,0.75
"North Carolina","New Jersey",2020-04-07,196,"0.2",0,0.75
"Ohio","New York",2020-04-07,230,"0.2",0,0.75
"Pennsylvania","New York",2020-04-07,304,"0.2",0,0.75
"Rhode Island","New Jersey",2020-04-07,20,"0.2",0,0.75
"Vermont","New York",2020-04-07,9,"0.2",0,0.75
"Virginia","New Jersey",2020-04-07,142,"0.2",0,0.75
"West Virginia","New Jersey",2020-04-07,54,"0.2",0,0.75
"Connecticut","New Jersey",2020-04-07,69,"0.2",0,0.9
"Delaware","New Jersey",2020-04-07,22,"0.2",0,0.9
"Maine","New York",2020-04-07,22,"0.2",0,0.9
"Maryland","New Jersey",2020-04-07,100,"0.2",0,0.9
"Massachusetts","New Jersey",2020-04-07,66,"0.2",0,0.9
"Massachusetts","New York",2020-04-07,83,"0.2",0,0.9
"New Hampshire","New York",2020-04-07,22,"0.2",0,0.9
"North Carolina","New Jersey",2020-04-07,196,"0.2",0,0.9
"Ohio","New York",2020-04-07,95,"0.2",0,0.9
"Pennsylvania","New York",2020-04-07,304,"0.2",0,0.9
"Rhode Island","New Jersey",2020-04-07,20,"0.2",0,0.9
"Vermont","New York",2020-04-07,9,"0.2",0,0.9
"Virginia","New Jersey",2020-04-07,142,"0.2",0,0.9
"West Virginia","New Jersey",2020-04-07,54,"0.2",0,0.9
"Connecticut","New Jersey",2020-04-07,69,"0.2",0,1
"Delaware","New Jersey",2020-04-07,22,"0.2",0,1
"Maine","New York",2020-04-07,22,"0.2",0,1
"Maryland","New Jersey",2020-04-07,100,"0.2",0,1
"Massachusetts","New Jersey",2020-04-07,66,"0.2",0,1
"Massachusetts","New York",2020-04-07,83,"0.2",0,1
"New Hampshire","New York",2020-04-07,22,"0.2",0,1
"North Carolina","New Jersey",2020-04-07,196,"0.2",0,1
"Ohio","New York",2020-04-07,5,"0.2",0,1
"Pennsylvania","New York",2020-04-07,304,"0.2",0,1
"Rhode Island","New Jersey",2020-04-07,20,"0.2",0,1
"Vermont","New York",2020-04-07,9,"0.2",0,1
"Virginia","New Jersey",2020-04-07,142,"0.2",0,1
"West Virginia","New Jersey",2020-04-07,54,"0.2",0,1
"Connecticut","New Jersey",2020-04-07,61,"0.2",0.05,0.5
"Delaware","New Jersey",2020-04-07,22,"0.2",0.05,0.5
"Maine","New York",2020-04-07,22,"0.2",0.05,0.5
"Maryland","New Jersey",2020-04-07,100,"0.2",0.05,0.5
"Massachusetts","New York",2020-04-07,149,"0.2",0.05,0.5
"Michigan","New York",2020-04-07,129,"0.2",0.05,0.5
"Mississippi","Louisiana",2020-04-07,21,"0.2",0.05,0.5
"New Hampshire","New York",2020-04-07,22,"0.2",0.05,0.5
"North Carolina","New Jersey",2020-04-07,196,"0.2",0.05,0.5
"Ohio","New York",2020-04-07,276,"0.2",0.05,0.5
"Pennsylvania","New York",2020-04-07,304,"0.2",0.05,0.5
"Rhode Island","New Jersey",2020-04-07,20,"0.2",0.05,0.5
"South Carolina","New Jersey",2020-04-07,74,"0.2",0.05,0.5
"Vermont","New York",2020-04-07,9,"0.2",0.05,0.5
"Virginia","New Jersey",2020-04-07,142,"0.2",0.05,0.5
"West Virginia","New Jersey",2020-04-07,54,"0.2",0.05,0.5
"Connecticut","New Jersey",2020-04-07,69,"0.2",0.05,0.75
"Delaware","New Jersey",2020-04-07,22,"0.2",0.05,0.75
"Maine","New York",2020-04-07,22,"0.2",0.05,0.75
"Maryland","New Jersey",2020-04-07,100,"0.2",0.05,0.75
"Massachusetts","New Jersey",2020-04-07,66,"0.2",0.05,0.75
"Massachusetts","New York",2020-04-07,83,"0.2",0.05,0.75
"New Hampshire","New York",2020-04-07,22,"0.2",0.05,0.75
"North Carolina","New Jersey",2020-04-07,196,"0.2",0.05,0.75
"Ohio","New York",2020-04-07,230,"0.2",0.05,0.75
"Pennsylvania","New York",2020-04-07,304,"0.2",0.05,0.75
"Rhode Island","New Jersey",2020-04-07,20,"0.2",0.05,0.75
"Vermont","New York",2020-04-07,9,"0.2",0.05,0.75
"Virginia","New Jersey",2020-04-07,142,"0.2",0.05,0.75
"West Virginia","New Jersey",2020-04-07,54,"0.2",0.05,0.75
"Connecticut","New Jersey",2020-04-07,69,"0.2",0.05,0.9
"Delaware","New Jersey",2020-04-07,22,"0.2",0.05,0.9
"Maine","New York",2020-04-07,22,"0.2",0.05,0.9
"Maryland","New Jersey",2020-04-07,100,"0.2",0.05,0.9
"Massachusetts","New Jersey",2020-04-07,66,"0.2",0.05,0.9
"Massachusetts","New York",2020-04-07,83,"0.2",0.05,0.9
"New Hampshire","New York",2020-04-07,22,"0.2",0.05,0.9
"North Carolina","New Jersey",2020-04-07,196,"0.2",0.05,0.9
"Ohio","New York",2020-04-07,95,"0.2",0.05,0.9
"Pennsylvania","New York",2020-04-07,304,"0.2",0.05,0.9
"Rhode Island","New Jersey",2020-04-07,20,"0.2",0.05,0.9
"Vermont","New York",2020-04-07,9,"0.2",0.05,0.9
"Virginia","New Jersey",2020-04-07,142,"0.2",0.05,0.9
"West Virginia","New Jersey",2020-04-07,54,"0.2",0.05,0.9
"Connecticut","New Jersey",2020-04-07,69,"0.2",0.05,1
"Delaware","New Jersey",2020-04-07,22,"0.2",0.05,1
"Maine","New York",2020-04-07,22,"0.2",0.05,1
"Maryland","New Jersey",2020-04-07,100,"0.2",0.05,1
"Massachusetts","New Jersey",2020-04-07,66,"0.2",0.05,1
"Massachusetts","New York",2020-04-07,83,"0.2",0.05,1
"New Hampshire","New York",2020-04-07,22,"0.2",0.05,1
"North Carolina","New Jersey",2020-04-07,196,"0.2",0.05,1
"Ohio","New York",2020-04-07,5,"0.2",0.05,1
"Pennsylvania","New York",2020-04-07,304,"0.2",0.05,1
"Rhode Island","New Jersey",2020-04-07,20,"0.2",0.05,1
"Vermont","New York",2020-04-07,9,"0.2",0.05,1
"Virginia","New Jersey",2020-04-07,142,"0.2",0.05,1
"West Virginia","New Jersey",2020-04-07,54,"0.2",0.05,1
"Arkansas","Louisiana",2020-04-07,58,"0.2",0.1,0.5
"Connecticut","New Jersey",2020-04-07,36,"0.2",0.1,0.5
"Delaware","New Jersey",2020-04-07,22,"0.2",0.1,0.5
"Kentucky","New York",2020-04-07,19,"0.2",0.1,0.5
"Maine","New York",2020-04-07,22,"0.2",0.1,0.5
"Maryland","New Jersey",2020-04-07,100,"0.2",0.1,0.5
"Massachusetts","New York",2020-04-07,149,"0.2",0.1,0.5
"Michigan","New York",2020-04-07,103,"0.2",0.1,0.5
"New Hampshire","New York",2020-04-07,22,"0.2",0.1,0.5
"North Carolina","New Jersey",2020-04-07,196,"0.2",0.1,0.5
"Ohio","New York",2020-04-07,276,"0.2",0.1,0.5
"Pennsylvania","New York",2020-04-07,304,"0.2",0.1,0.5
"Rhode Island","New Jersey",2020-04-07,20,"0.2",0.1,0.5
"South Carolina","New Jersey",2020-04-07,106,"0.2",0.1,0.5
"Vermont","New York",2020-04-07,9,"0.2",0.1,0.5
"Virginia","New Jersey",2020-04-07,142,"0.2",0.1,0.5
"West Virginia","New Jersey",2020-04-07,47,"0.2",0.1,0.5
"West Virginia","New York",2020-04-07,7,"0.2",0.1,0.5
"Mississippi","Louisiana",2020-04-08,77,"0.2",0.1,0.5
"Connecticut","New Jersey",2020-04-07,61,"0.2",0.1,0.75
"Delaware","New Jersey",2020-04-07,22,"0.2",0.1,0.75
"Maine","New York",2020-04-07,22,"0.2",0.1,0.75
"Maryland","New Jersey",2020-04-07,100,"0.2",0.1,0.75
"Massachusetts","New York",2020-04-07,149,"0.2",0.1,0.75
"Michigan","New York",2020-04-07,17,"0.2",0.1,0.75
"New Hampshire","New York",2020-04-07,22,"0.2",0.1,0.75
"North Carolina","New Jersey",2020-04-07,196,"0.2",0.1,0.75
"Ohio","New York",2020-04-07,276,"0.2",0.1,0.75
"Pennsylvania","New York",2020-04-07,304,"0.2",0.1,0.75
"Rhode Island","New Jersey",2020-04-07,20,"0.2",0.1,0.75
"South Carolina","New Jersey",2020-04-07,74,"0.2",0.1,0.75
"Vermont","New York",2020-04-07,9,"0.2",0.1,0.75
"Virginia","New Jersey",2020-04-07,142,"0.2",0.1,0.75
"West Virginia","New Jersey",2020-04-07,54,"0.2",0.1,0.75
"Connecticut","New Jersey",2020-04-07,69,"0.2",0.1,0.9
"Delaware","New Jersey",2020-04-07,22,"0.2",0.1,0.9
"Maine","New York",2020-04-07,22,"0.2",0.1,0.9
"Maryland","New Jersey",2020-04-07,100,"0.2",0.1,0.9
"Massachusetts","New Jersey",2020-04-07,66,"0.2",0.1,0.9
"Massachusetts","New York",2020-04-07,83,"0.2",0.1,0.9
"New Hampshire","New York",2020-04-07,22,"0.2",0.1,0.9
"North Carolina","New Jersey",2020-04-07,196,"0.2",0.1,0.9
"Ohio","New York",2020-04-07,95,"0.2",0.1,0.9
"Pennsylvania","New York",2020-04-07,304,"0.2",0.1,0.9
"Rhode Island","New Jersey",2020-04-07,20,"0.2",0.1,0.9
"Vermont","New York",2020-04-07,9,"0.2",0.1,0.9
"Virginia","New Jersey",2020-04-07,142,"0.2",0.1,0.9
"West Virginia","New Jersey",2020-04-07,54,"0.2",0.1,0.9
"Connecticut","New Jersey",2020-04-07,69,"0.2",0.1,1
"Delaware","New Jersey",2020-04-07,22,"0.2",0.1,1
"Maine","New York",2020-04-07,22,"0.2",0.1,1
"Maryland","New Jersey",2020-04-07,100,"0.2",0.1,1
"Massachusetts","New Jersey",2020-04-07,66,"0.2",0.1,1
"Massachusetts","New York",2020-04-07,83,"0.2",0.1,1
"New Hampshire","New York",2020-04-07,22,"0.2",0.1,1
"North Carolina","New Jersey",2020-04-07,196,"0.2",0.1,1
"Ohio","New York",2020-04-07,5,"0.2",0.1,1
"Pennsylvania","New York",2020-04-07,304,"0.2",0.1,1
"Rhode Island","New Jersey",2020-04-07,20,"0.2",0.1,1
"Vermont","New York",2020-04-07,9,"0.2",0.1,1
"Virginia","New Jersey",2020-04-07,142,"0.2",0.1,1
"West Virginia","New Jersey",2020-04-07,54,"0.2",0.1,1
"Alabama","Louisiana",2020-04-07,57,"0.2",0.2,0.5
"Delaware","New Jersey",2020-04-07,22,"0.2",0.2,0.5
"Georgia","New Jersey",2020-04-07,158,"0.2",0.2,0.5
"Indiana","New York",2020-04-07,153,"0.2",0.2,0.5
"Kentucky","New York",2020-04-07,98,"0.2",0.2,0.5
"Maine","New York",2020-04-07,22,"0.2",0.2,0.5
"Maryland","New Jersey",2020-04-07,100,"0.2",0.2,0.5
"Massachusetts","New York",2020-04-07,149,"0.2",0.2,0.5
"Michigan","New York",2020-04-07,28,"0.2",0.2,0.5
"Mississippi","Louisiana",2020-04-07,48,"0.2",0.2,0.5
"New Hampshire","New York",2020-04-07,22,"0.2",0.2,0.5
"North Carolina","New Jersey",2020-04-07,196,"0.2",0.2,0.5
"Ohio","New York",2020-04-07,276,"0.2",0.2,0.5
"Pennsylvania","New York",2020-04-07,304,"0.2",0.2,0.5
"Rhode Island","New Jersey",2020-04-07,20,"0.2",0.2,0.5
"South Carolina","New Jersey",2020-04-07,106,"0.2",0.2,0.5
"Vermont","New York",2020-04-07,9,"0.2",0.2,0.5
"Virginia","New Jersey",2020-04-07,142,"0.2",0.2,0.5
"West Virginia","New Jersey",2020-04-07,7,"0.2",0.2,0.5
"West Virginia","New York",2020-04-07,47,"0.2",0.2,0.5
"Arkansas","Louisiana",2020-04-08,65,"0.2",0.2,0.5
"Mississippi","Louisiana",2020-04-09,29,"0.2",0.2,0.5
"Arkansas","Louisiana",2020-04-07,65,"0.2",0.2,0.75
"Connecticut","New Jersey",2020-04-07,8,"0.2",0.2,0.75
"Delaware","New Jersey",2020-04-07,22,"0.2",0.2,0.75
"Maine","New York",2020-04-07,22,"0.2",0.2,0.75
"Maryland","New Jersey",2020-04-07,100,"0.2",0.2,0.75
"Massachusetts","New Jersey",2020-04-07,22,"0.2",0.2,0.75
"Massachusetts","New York",2020-04-07,127,"0.2",0.2,0.75
"Michigan","New York",2020-04-07,39,"0.2",0.2,0.75
"Mississippi","Louisiana",2020-04-07,77,"0.2",0.2,0.75
"New Hampshire","New York",2020-04-07,22,"0.2",0.2,0.75
"North Carolina","New Jersey",2020-04-07,196,"0.2",0.2,0.75
"Ohio","New York",2020-04-07,276,"0.2",0.2,0.75
"Pennsylvania","New York",2020-04-07,304,"0.2",0.2,0.75
"Rhode Island","New Jersey",2020-04-07,20,"0.2",0.2,0.75
"South Carolina","New Jersey",2020-04-07,106,"0.2",0.2,0.75
"Vermont","New York",2020-04-07,9,"0.2",0.2,0.75
"Virginia","New Jersey",2020-04-07,142,"0.2",0.2,0.75
"West Virginia","New Jersey",2020-04-07,54,"0.2",0.2,0.75
"Arkansas","Louisiana",2020-04-07,28,"0.2",0.2,0.9
"Connecticut","New Jersey",2020-04-07,21,"0.2",0.2,0.9
"Delaware","New Jersey",2020-04-07,22,"0.2",0.2,0.9
"Maine","New York",2020-04-07,22,"0.2",0.2,0.9
"Maryland","New Jersey",2020-04-07,100,"0.2",0.2,0.9
"Massachusetts","New Jersey",2020-04-07,51,"0.2",0.2,0.9
"Massachusetts","New York",2020-04-07,98,"0.2",0.2,0.9
"Mississippi","Louisiana",2020-04-07,77,"0.2",0.2,0.9
"New Hampshire","New York",2020-04-07,22,"0.2",0.2,0.9
"North Carolina","New Jersey",2020-04-07,196,"0.2",0.2,0.9
"Ohio","New York",2020-04-07,276,"0.2",0.2,0.9
"Pennsylvania","New York",2020-04-07,304,"0.2",0.2,0.9
"Rhode Island","New Jersey",2020-04-07,20,"0.2",0.2,0.9
"South Carolina","New Jersey",2020-04-07,63,"0.2",0.2,0.9
"Vermont","New York",2020-04-07,9,"0.2",0.2,0.9
"Virginia","New Jersey",2020-04-07,142,"0.2",0.2,0.9
"West Virginia","New Jersey",2020-04-07,54,"0.2",0.2,0.9
"Connecticut","New Jersey",2020-04-07,35,"0.2",0.2,1
"Delaware","New Jersey",2020-04-07,22,"0.2",0.2,1
"Maine","New York",2020-04-07,22,"0.2",0.2,1
"Maryland","New Jersey",2020-04-07,100,"0.2",0.2,1
"Massachusetts","New Jersey",2020-04-07,96,"0.2",0.2,1
"Massachusetts","New York",2020-04-07,53,"0.2",0.2,1
"New Hampshire","New York",2020-04-07,22,"0.2",0.2,1
"North Carolina","New Jersey",2020-04-07,196,"0.2",0.2,1
"Ohio","New York",2020-04-07,276,"0.2",0.2,1
"Pennsylvania","New York",2020-04-07,304,"0.2",0.2,1
"Rhode Island","New Jersey",2020-04-07,20,"0.2",0.2,1
"South Carolina","New Jersey",2020-04-07,4,"0.2",0.2,1
"Vermont","New York",2020-04-07,9,"0.2",0.2,1
"Virginia","New Jersey",2020-04-07,142,"0.2",0.2,1
"West Virginia","New Jersey",2020-04-07,54,"0.2",0.2,1
"Connecticut","New Jersey",2020-04-07,52,"0.15",0,0.5
"Delaware","New Jersey",2020-04-07,16,"0.15",0,0.5
"Georgia","New Jersey",2020-04-07,90,"0.15",0,0.5
"Indiana","New York",2020-04-07,115,"0.15",0,0.5
"Kentucky","New Jersey",2020-04-07,47,"0.15",0,0.5
"Kentucky","New York",2020-04-07,26,"0.15",0,0.5
"Maine","New York",2020-04-07,16,"0.15",0,0.5
"Maryland","New Jersey",2020-04-07,75,"0.15",0,0.5
"Massachusetts","New York",2020-04-07,112,"0.15",0,0.5
"Michigan","New York",2020-04-07,140,"0.15",0,0.5
"New Hampshire","New York",2020-04-07,17,"0.15",0,0.5
"North Carolina","New Jersey",2020-04-07,147,"0.15",0,0.5
"Ohio","New York",2020-04-07,207,"0.15",0,0.5
"Pennsylvania","New York",2020-04-07,228,"0.15",0,0.5
"Rhode Island","New Jersey",2020-04-07,15,"0.15",0,0.5
"South Carolina","New Jersey",2020-04-07,80,"0.15",0,0.5
"Vermont","New York",2020-04-07,7,"0.15",0,0.5
"Virginia","New Jersey",2020-04-07,107,"0.15",0,0.5
"West Virginia","New Jersey",2020-04-07,40,"0.15",0,0.5
"Connecticut","New Jersey",2020-04-07,52,"0.15",0,0.75
"Delaware","New Jersey",2020-04-07,16,"0.15",0,0.75
"Maine","New York",2020-04-07,16,"0.15",0,0.75
"Maryland","New Jersey",2020-04-07,75,"0.15",0,0.75
"Massachusetts","New Jersey",2020-04-07,112,"0.15",0,0.75
"Michigan","New York",2020-04-07,140,"0.15",0,0.75
"New Hampshire","New York",2020-04-07,17,"0.15",0,0.75
"North Carolina","New Jersey",2020-04-07,147,"0.15",0,0.75
"Ohio","New York",2020-04-07,207,"0.15",0,0.75
"Pennsylvania","New York",2020-04-07,228,"0.15",0,0.75
"Rhode Island","New Jersey",2020-04-07,15,"0.15",0,0.75
"South Carolina","New Jersey",2020-04-07,80,"0.15",0,0.75
"Vermont","New York",2020-04-07,7,"0.15",0,0.75
"Virginia","New Jersey",2020-04-07,107,"0.15",0,0.75
"West Virginia","New Jersey",2020-04-07,40,"0.15",0,0.75
"Connecticut","New Jersey",2020-04-07,52,"0.15",0,0.9
"Delaware","New Jersey",2020-04-07,16,"0.15",0,0.9
"Maine","New York",2020-04-07,16,"0.15",0,0.9
"Maryland","New Jersey",2020-04-07,75,"0.15",0,0.9
"Massachusetts","New Jersey",2020-04-07,112,"0.15",0,0.9
"Michigan","New York",2020-04-07,85,"0.15",0,0.9
"New Hampshire","New York",2020-04-07,17,"0.15",0,0.9
"North Carolina","New Jersey",2020-04-07,147,"0.15",0,0.9
"Ohio","New York",2020-04-07,207,"0.15",0,0.9
"Pennsylvania","New York",2020-04-07,228,"0.15",0,0.9
"Rhode Island","New Jersey",2020-04-07,15,"0.15",0,0.9
"South Carolina","New Jersey",2020-04-07,80,"0.15",0,0.9
"Vermont","New York",2020-04-07,7,"0.15",0,0.9
"Virginia","New Jersey",2020-04-07,107,"0.15",0,0.9
"West Virginia","New Jersey",2020-04-07,40,"0.15",0,0.9
"Connecticut","New Jersey",2020-04-07,52,"0.15",0,1
"Delaware","New Jersey",2020-04-07,16,"0.15",0,1
"Maine","New York",2020-04-07,16,"0.15",0,1
"Maryland","New Jersey",2020-04-07,75,"0.15",0,1
"Massachusetts","New Jersey",2020-04-07,112,"0.15",0,1
"New Hampshire","New York",2020-04-07,17,"0.15",0,1
"North Carolina","New Jersey",2020-04-07,147,"0.15",0,1
"Ohio","New York",2020-04-07,207,"0.15",0,1
"Pennsylvania","New York",2020-04-07,228,"0.15",0,1
"Rhode Island","New Jersey",2020-04-07,15,"0.15",0,1
"South Carolina","New Jersey",2020-04-07,75,"0.15",0,1
"Vermont","New York",2020-04-07,7,"0.15",0,1
"Virginia","New Jersey",2020-04-07,107,"0.15",0,1
"West Virginia","New Jersey",2020-04-07,40,"0.15",0,1
"Connecticut","New Jersey",2020-04-07,52,"0.15",0.05,0.5
"Delaware","New Jersey",2020-04-07,16,"0.15",0.05,0.5
"Georgia","New Jersey",2020-04-07,133,"0.15",0.05,0.5
"Indiana","New York",2020-04-07,115,"0.15",0.05,0.5
"Kentucky","New Jersey",2020-04-07,4,"0.15",0.05,0.5
"Kentucky","New York",2020-04-07,69,"0.15",0.05,0.5
"Maine","New York",2020-04-07,16,"0.15",0.05,0.5
"Maryland","New Jersey",2020-04-07,75,"0.15",0.05,0.5
"Massachusetts","New York",2020-04-07,112,"0.15",0.05,0.5
"Michigan","New York",2020-04-07,140,"0.15",0.05,0.5
"Mississippi","Louisiana",2020-04-07,21,"0.15",0.05,0.5
"New Hampshire","New York",2020-04-07,17,"0.15",0.05,0.5
"North Carolina","New Jersey",2020-04-07,147,"0.15",0.05,0.5
"Ohio","New York",2020-04-07,207,"0.15",0.05,0.5
"Pennsylvania","New York",2020-04-07,228,"0.15",0.05,0.5
"Rhode Island","New Jersey",2020-04-07,15,"0.15",0.05,0.5
"South Carolina","New Jersey",2020-04-07,80,"0.15",0.05,0.5
"Vermont","New York",2020-04-07,7,"0.15",0.05,0.5
"Virginia","New Jersey",2020-04-07,107,"0.15",0.05,0.5
"West Virginia","New Jersey",2020-04-07,40,"0.15",0.05,0.5
"Connecticut","New Jersey",2020-04-07,52,"0.15",0.05,0.75
"Delaware","New Jersey",2020-04-07,16,"0.15",0.05,0.75
"Kentucky","New Jersey",2020-04-07,59,"0.15",0.05,0.75
"Maine","New York",2020-04-07,16,"0.15",0.05,0.75
"Maryland","New Jersey",2020-04-07,75,"0.15",0.05,0.75
"Massachusetts","New Jersey",2020-04-07,78,"0.15",0.05,0.75
"Massachusetts","New York",2020-04-07,34,"0.15",0.05,0.75
"Michigan","New York",2020-04-07,140,"0.15",0.05,0.75
"Mississippi","Louisiana",2020-04-07,21,"0.15",0.05,0.75
"New Hampshire","New York",2020-04-07,17,"0.15",0.05,0.75
"North Carolina","New Jersey",2020-04-07,147,"0.15",0.05,0.75
"Ohio","New York",2020-04-07,207,"0.15",0.05,0.75
"Pennsylvania","New York",2020-04-07,228,"0.15",0.05,0.75
"Rhode Island","New Jersey",2020-04-07,15,"0.15",0.05,0.75
"South Carolina","New Jersey",2020-04-07,80,"0.15",0.05,0.75
"Vermont","New York",2020-04-07,7,"0.15",0.05,0.75
"Virginia","New Jersey",2020-04-07,107,"0.15",0.05,0.75
"West Virginia","New Jersey",2020-04-07,40,"0.15",0.05,0.75
"Connecticut","New Jersey",2020-04-07,52,"0.15",0.05,0.9
"Delaware","New Jersey",2020-04-07,16,"0.15",0.05,0.9
"Maine","New York",2020-04-07,16,"0.15",0.05,0.9
"Maryland","New Jersey",2020-04-07,75,"0.15",0.05,0.9
"Massachusetts","New Jersey",2020-04-07,112,"0.15",0.05,0.9
"Michigan","New York",2020-04-07,85,"0.15",0.05,0.9
"New Hampshire","New York",2020-04-07,17,"0.15",0.05,0.9
"North Carolina","New Jersey",2020-04-07,147,"0.15",0.05,0.9
"Ohio","New York",2020-04-07,207,"0.15",0.05,0.9
"Pennsylvania","New York",2020-04-07,228,"0.15",0.05,0.9
"Rhode Island","New Jersey",2020-04-07,15,"0.15",0.05,0.9
"South Carolina","New Jersey",2020-04-07,80,"0.15",0.05,0.9
"Vermont","New York",2020-04-07,7,"0.15",0.05,0.9
"Virginia","New Jersey",2020-04-07,107,"0.15",0.05,0.9
"West Virginia","New Jersey",2020-04-07,40,"0.15",0.05,0.9
"Connecticut","New Jersey",2020-04-07,52,"0.15",0.05,1
"Delaware","New Jersey",2020-04-07,16,"0.15",0.05,1
"Maine","New York",2020-04-07,16,"0.15",0.05,1
"Maryland","New Jersey",2020-04-07,75,"0.15",0.05,1
"Massachusetts","New Jersey",2020-04-07,112,"0.15",0.05,1
"New Hampshire","New York",2020-04-07,17,"0.15",0.05,1
"North Carolina","New Jersey",2020-04-07,147,"0.15",0.05,1
"Ohio","New York",2020-04-07,207,"0.15",0.05,1
"Pennsylvania","New York",2020-04-07,228,"0.15",0.05,1
"Rhode Island","New Jersey",2020-04-07,15,"0.15",0.05,1
"South Carolina","New Jersey",2020-04-07,75,"0.15",0.05,1
"Vermont","New York",2020-04-07,7,"0.15",0.05,1
"Virginia","New Jersey",2020-04-07,107,"0.15",0.05,1
"West Virginia","New Jersey",2020-04-07,40,"0.15",0.05,1
"Arkansas","Louisiana",2020-04-07,49,"0.15",0.1,0.5
"Connecticut","New Jersey",2020-04-07,36,"0.15",0.1,0.5
"Delaware","New Jersey",2020-04-07,16,"0.15",0.1,0.5
"Georgia","New Jersey",2020-04-07,170,"0.15",0.1,0.5
"Indiana","New York",2020-04-07,115,"0.15",0.1,0.5
"Kentucky","New York",2020-04-07,73,"0.15",0.1,0.5
"Maine","New York",2020-04-07,16,"0.15",0.1,0.5
"Maryland","New Jersey",2020-04-07,75,"0.15",0.1,0.5
"Massachusetts","New York",2020-04-07,112,"0.15",0.1,0.5
"Michigan","New York",2020-04-07,119,"0.15",0.1,0.5
"Mississippi","Louisiana",2020-04-07,58,"0.15",0.1,0.5
"New Hampshire","New York",2020-04-07,17,"0.15",0.1,0.5
"North Carolina","New Jersey",2020-04-07,147,"0.15",0.1,0.5
"Ohio","New York",2020-04-07,207,"0.15",0.1,0.5
"Pennsylvania","New York",2020-04-07,228,"0.15",0.1,0.5
"Rhode Island","New Jersey",2020-04-07,15,"0.15",0.1,0.5
"South Carolina","New Jersey",2020-04-07,80,"0.15",0.1,0.5
"Vermont","New York",2020-04-07,7,"0.15",0.1,0.5
"Virginia","New Jersey",2020-04-07,107,"0.15",0.1,0.5
"West Virginia","New Jersey",2020-04-07,23,"0.15",0.1,0.5
"West Virginia","New York",2020-04-07,17,"0.15",0.1,0.5
"Connecticut","New Jersey",2020-04-07,52,"0.15",0.1,0.75
"Delaware","New Jersey",2020-04-07,16,"0.15",0.1,0.75
"Kentucky","New Jersey",2020-04-07,47,"0.15",0.1,0.75
"Maine","New York",2020-04-07,16,"0.15",0.1,0.75
"Maryland","New Jersey",2020-04-07,75,"0.15",0.1,0.75
"Massachusetts","New Jersey",2020-04-07,90,"0.15",0.1,0.75
"Massachusetts","New York",2020-04-07,22,"0.15",0.1,0.75
"Michigan","New York",2020-04-07,140,"0.15",0.1,0.75
"Mississippi","Louisiana",2020-04-07,33,"0.15",0.1,0.75
"New Hampshire","New York",2020-04-07,17,"0.15",0.1,0.75
"North Carolina","New Jersey",2020-04-07,147,"0.15",0.1,0.75
"Ohio","New York",2020-04-07,207,"0.15",0.1,0.75
"Pennsylvania","New York",2020-04-07,228,"0.15",0.1,0.75
"Rhode Island","New Jersey",2020-04-07,15,"0.15",0.1,0.75
"South Carolina","New Jersey",2020-04-07,80,"0.15",0.1,0.75
"Vermont","New York",2020-04-07,7,"0.15",0.1,0.75
"Virginia","New Jersey",2020-04-07,107,"0.15",0.1,0.75
"West Virginia","New Jersey",2020-04-07,40,"0.15",0.1,0.75
"Connecticut","New Jersey",2020-04-07,52,"0.15",0.1,0.9
"Delaware","New Jersey",2020-04-07,16,"0.15",0.1,0.9
"Maine","New York",2020-04-07,16,"0.15",0.1,0.9
"Maryland","New Jersey",2020-04-07,75,"0.15",0.1,0.9
"Massachusetts","New Jersey",2020-04-07,112,"0.15",0.1,0.9
"Michigan","New York",2020-04-07,85,"0.15",0.1,0.9
"New Hampshire","New York",2020-04-07,17,"0.15",0.1,0.9
"North Carolina","New Jersey",2020-04-07,147,"0.15",0.1,0.9
"Ohio","New York",2020-04-07,207,"0.15",0.1,0.9
"Pennsylvania","New York",2020-04-07,228,"0.15",0.1,0.9
"Rhode Island","New Jersey",2020-04-07,15,"0.15",0.1,0.9
"South Carolina","New Jersey",2020-04-07,80,"0.15",0.1,0.9
"Vermont","New York",2020-04-07,7,"0.15",0.1,0.9
"Virginia","New Jersey",2020-04-07,107,"0.15",0.1,0.9
"West Virginia","New Jersey",2020-04-07,40,"0.15",0.1,0.9
"Connecticut","New Jersey",2020-04-07,52,"0.15",0.1,1
"Delaware","New Jersey",2020-04-07,16,"0.15",0.1,1
"Maine","New York",2020-04-07,16,"0.15",0.1,1
"Maryland","New Jersey",2020-04-07,75,"0.15",0.1,1
"Massachusetts","New Jersey",2020-04-07,112,"0.15",0.1,1
"New Hampshire","New York",2020-04-07,17,"0.15",0.1,1
"North Carolina","New Jersey",2020-04-07,147,"0.15",0.1,1
"Ohio","New York",2020-04-07,207,"0.15",0.1,1
"Pennsylvania","New York",2020-04-07,228,"0.15",0.1,1
"Rhode Island","New Jersey",2020-04-07,15,"0.15",0.1,1
"South Carolina","New Jersey",2020-04-07,75,"0.15",0.1,1
"Vermont","New York",2020-04-07,7,"0.15",0.1,1
"Virginia","New Jersey",2020-04-07,107,"0.15",0.1,1
"West Virginia","New Jersey",2020-04-07,40,"0.15",0.1,1
"Arkansas","Louisiana",2020-04-07,49,"0.15",0.2,0.5
"Delaware","New Jersey",2020-04-07,16,"0.15",0.2,0.5
"Florida","New Jersey",2020-04-07,67,"0.15",0.2,0.5
"Georgia","New Jersey",2020-04-07,173,"0.15",0.2,0.5
"Illinois","New York",2020-04-07,172,"0.15",0.2,0.5
"Indiana","New York",2020-04-07,115,"0.15",0.2,0.5
"Kentucky","New York",2020-04-07,73,"0.15",0.2,0.5
"Maine","New York",2020-04-07,16,"0.15",0.2,0.5
"Maryland","New Jersey",2020-04-07,75,"0.15",0.2,0.5
"Massachusetts","New York",2020-04-07,112,"0.15",0.2,0.5
"Michigan","New York",2020-04-07,28,"0.15",0.2,0.5
"Mississippi","Louisiana",2020-04-07,58,"0.15",0.2,0.5
"New Hampshire","New York",2020-04-07,17,"0.15",0.2,0.5
"North Carolina","New Jersey",2020-04-07,147,"0.15",0.2,0.5
"Ohio","New York",2020-04-07,207,"0.15",0.2,0.5
"Pennsylvania","New York",2020-04-07,228,"0.15",0.2,0.5
"Rhode Island","New Jersey",2020-04-07,15,"0.15",0.2,0.5
"South Carolina","New Jersey",2020-04-07,80,"0.15",0.2,0.5
"Tennessee","New Jersey",2020-04-07,31,"0.15",0.2,0.5
"Tennessee","New York",2020-04-07,92,"0.15",0.2,0.5
"Vermont","New York",2020-04-07,7,"0.15",0.2,0.5
"Virginia","New Jersey",2020-04-07,107,"0.15",0.2,0.5
"West Virginia","New Jersey",2020-04-07,40,"0.15",0.2,0.5
"Alabama","Louisiana",2020-04-08,71,"0.15",0.2,0.5
"Texas","Louisiana",2020-04-09,62,"0.15",0.2,0.5
"Arkansas","Louisiana",2020-04-07,49,"0.15",0.2,0.75
"Connecticut","New Jersey",2020-04-07,21,"0.15",0.2,0.75
"Delaware","New Jersey",2020-04-07,16,"0.15",0.2,0.75
"Georgia","New Jersey",2020-04-07,128,"0.15",0.2,0.75
"Indiana","New York",2020-04-07,115,"0.15",0.2,0.75
"Kentucky","New Jersey",2020-04-07,40,"0.15",0.2,0.75
"Kentucky","New York",2020-04-07,33,"0.15",0.2,0.75
"Maine","New York",2020-04-07,16,"0.15",0.2,0.75
"Maryland","New Jersey",2020-04-07,75,"0.15",0.2,0.75
"Massachusetts","New York",2020-04-07,112,"0.15",0.2,0.75
"Michigan","New York",2020-04-07,64,"0.15",0.2,0.75
"Mississippi","Louisiana",2020-04-07,58,"0.15",0.2,0.75
"New Hampshire","New York",2020-04-07,17,"0.15",0.2,0.75
"North Carolina","New Jersey",2020-04-07,147,"0.15",0.2,0.75
"Ohio","New York",2020-04-07,207,"0.15",0.2,0.75
"Pennsylvania","New York",2020-04-07,228,"0.15",0.2,0.75
"Rhode Island","New Jersey",2020-04-07,15,"0.15",0.2,0.75
"South Carolina","New Jersey",2020-04-07,80,"0.15",0.2,0.75
"Vermont","New York",2020-04-07,7,"0.15",0.2,0.75
"Virginia","New Jersey",2020-04-07,107,"0.15",0.2,0.75
"West Virginia","New Jersey",2020-04-07,40,"0.15",0.2,0.75
"Arkansas","Louisiana",2020-04-07,47,"0.15",0.2,0.9
"Connecticut","New Jersey",2020-04-07,35,"0.15",0.2,0.9
"Delaware","New Jersey",2020-04-07,16,"0.15",0.2,0.9
"Georgia","New Jersey",2020-04-07,45,"0.15",0.2,0.9
"Indiana","New York",2020-04-07,115,"0.15",0.2,0.9
"Kentucky","New Jersey",2020-04-07,73,"0.15",0.2,0.9
"Maine","New York",2020-04-07,16,"0.15",0.2,0.9
"Maryland","New Jersey",2020-04-07,75,"0.15",0.2,0.9
"Massachusetts","New Jersey",2020-04-07,36,"0.15",0.2,0.9
"Massachusetts","New York",2020-04-07,76,"0.15",0.2,0.9
"Michigan","New York",2020-04-07,65,"0.15",0.2,0.9
"Mississippi","Louisiana",2020-04-07,58,"0.15",0.2,0.9
"New Hampshire","New York",2020-04-07,17,"0.15",0.2,0.9
"North Carolina","New Jersey",2020-04-07,147,"0.15",0.2,0.9
"Ohio","New York",2020-04-07,207,"0.15",0.2,0.9
"Pennsylvania","New York",2020-04-07,228,"0.15",0.2,0.9
"Rhode Island","New Jersey",2020-04-07,15,"0.15",0.2,0.9
"South Carolina","New Jersey",2020-04-07,80,"0.15",0.2,0.9
"Vermont","New York",2020-04-07,7,"0.15",0.2,0.9
"Virginia","New Jersey",2020-04-07,107,"0.15",0.2,0.9
"West Virginia","New Jersey",2020-04-07,40,"0.15",0.2,0.9
"Connecticut","New Jersey",2020-04-07,47,"0.15",0.2,1
"Delaware","New Jersey",2020-04-07,16,"0.15",0.2,1
"Kentucky","New Jersey",2020-04-07,30,"0.15",0.2,1
"Maine","New York",2020-04-07,16,"0.15",0.2,1
"Maryland","New Jersey",2020-04-07,75,"0.15",0.2,1
"Massachusetts","New Jersey",2020-04-07,112,"0.15",0.2,1
"Michigan","New York",2020-04-07,89,"0.15",0.2,1
"Mississippi","Louisiana",2020-04-07,58,"0.15",0.2,1
"New Hampshire","New York",2020-04-07,17,"0.15",0.2,1
"North Carolina","New Jersey",2020-04-07,147,"0.15",0.2,1
"Ohio","New York",2020-04-07,207,"0.15",0.2,1
"Pennsylvania","New York",2020-04-07,228,"0.15",0.2,1
"Rhode Island","New Jersey",2020-04-07,15,"0.15",0.2,1
"South Carolina","New Jersey",2020-04-07,80,"0.15",0.2,1
"Vermont","New York",2020-04-07,7,"0.15",0.2,1
"Virginia","New Jersey",2020-04-07,107,"0.15",0.2,1
"West Virginia","New Jersey",2020-04-07,40,"0.15",0.2,1
"Connecticut","New Jersey",2020-04-07,35,"0.1",0,0.5
"Delaware","New Jersey",2020-04-07,11,"0.1",0,0.5
"Florida","New Jersey",2020-04-07,225,"0.1",0,0.5
"Georgia","New Jersey",2020-04-07,115,"0.1",0,0.5
"Illinois","New York",2020-04-07,115,"0.1",0,0.5
"Indiana","New York",2020-04-07,77,"0.1",0,0.5
"Kentucky","New York",2020-04-07,49,"0.1",0,0.5
"Maine","New York",2020-04-07,11,"0.1",0,0.5
"Maryland","New Jersey",2020-04-07,50,"0.1",0,0.5
"Massachusetts","New York",2020-04-07,75,"0.1",0,0.5
"Michigan","New York",2020-04-07,94,"0.1",0,0.5
"New Hampshire","New York",2020-04-07,11,"0.1",0,0.5
"North Carolina","New Jersey",2020-04-07,98,"0.1",0,0.5
"Ohio","New York",2020-04-07,138,"0.1",0,0.5
"Pennsylvania","New York",2020-04-07,152,"0.1",0,0.5
"Rhode Island","New Jersey",2020-04-07,10,"0.1",0,0.5
"South Carolina","New Jersey",2020-04-07,53,"0.1",0,0.5
"Tennessee","New York",2020-04-07,82,"0.1",0,0.5
"Vermont","New York",2020-04-07,5,"0.1",0,0.5
"Virginia","New Jersey",2020-04-07,71,"0.1",0,0.5
"West Virginia","New Jersey",2020-04-07,1,"0.1",0,0.5
"West Virginia","New York",2020-04-07,26,"0.1",0,0.5
"Mississippi","Louisiana",2020-04-08,33,"0.1",0,0.5
"Connecticut","New Jersey",2020-04-07,35,"0.1",0,0.75
"Delaware","New Jersey",2020-04-07,11,"0.1",0,0.75
"Florida","New Jersey",2020-04-07,2,"0.1",0,0.75
"Georgia","New Jersey",2020-04-07,115,"0.1",0,0.75
"Indiana","New York",2020-04-07,77,"0.1",0,0.75
"Kentucky","New Jersey",2020-04-07,49,"0.1",0,0.75
"Maine","New York",2020-04-07,11,"0.1",0,0.75
"Maryland","New Jersey",2020-04-07,50,"0.1",0,0.75
"Massachusetts","New Jersey",2020-04-07,66,"0.1",0,0.75
"Massachusetts","New York",2020-04-07,9,"0.1",0,0.75
"Michigan","New York",2020-04-07,94,"0.1",0,0.75
"Mississippi","Louisiana",2020-04-07,33,"0.1",0,0.75
"New Hampshire","New York",2020-04-07,11,"0.1",0,0.75
"North Carolina","New Jersey",2020-04-07,98,"0.1",0,0.75
"Ohio","New York",2020-04-07,138,"0.1",0,0.75
"Pennsylvania","New York",2020-04-07,152,"0.1",0,0.75
"Rhode Island","New Jersey",2020-04-07,10,"0.1",0,0.75
"South Carolina","New Jersey",2020-04-07,53,"0.1",0,0.75
"Tennessee","New Jersey",2020-04-07,82,"0.1",0,0.75
"Vermont","New York",2020-04-07,5,"0.1",0,0.75
"Virginia","New Jersey",2020-04-07,71,"0.1",0,0.75
"West Virginia","New Jersey",2020-04-07,27,"0.1",0,0.75
"Connecticut","New Jersey",2020-04-07,35,"0.1",0,0.9
"Delaware","New Jersey",2020-04-07,11,"0.1",0,0.9
"Georgia","New Jersey",2020-04-07,30,"0.1",0,0.9
"Indiana","New York",2020-04-07,77,"0.1",0,0.9
"Kentucky","New Jersey",2020-04-07,49,"0.1",0,0.9
"Maine","New York",2020-04-07,11,"0.1",0,0.9
"Maryland","New Jersey",2020-04-07,50,"0.1",0,0.9
"Massachusetts","New Jersey",2020-04-07,75,"0.1",0,0.9
"Michigan","New York",2020-04-07,94,"0.1",0,0.9
"New Hampshire","New York",2020-04-07,11,"0.1",0,0.9
"North Carolina","New Jersey",2020-04-07,98,"0.1",0,0.9
"Ohio","New York",2020-04-07,138,"0.1",0,0.9
"Pennsylvania","New York",2020-04-07,152,"0.1",0,0.9
"Rhode Island","New Jersey",2020-04-07,10,"0.1",0,0.9
"South Carolina","New Jersey",2020-04-07,53,"0.1",0,0.9
"Vermont","New York",2020-04-07,5,"0.1",0,0.9
"Virginia","New Jersey",2020-04-07,71,"0.1",0,0.9
"West Virginia","New Jersey",2020-04-07,27,"0.1",0,0.9
"Connecticut","New Jersey",2020-04-07,35,"0.1",0,1
"Delaware","New Jersey",2020-04-07,11,"0.1",0,1
"Kentucky","New Jersey",2020-04-07,21,"0.1",0,1
"Maine","New York",2020-04-07,11,"0.1",0,1
"Maryland","New Jersey",2020-04-07,50,"0.1",0,1
"Massachusetts","New Jersey",2020-04-07,75,"0.1",0,1
"Michigan","New York",2020-04-07,94,"0.1",0,1
"New Hampshire","New York",2020-04-07,11,"0.1",0,1
"North Carolina","New Jersey",2020-04-07,98,"0.1",0,1
"Ohio","New York",2020-04-07,138,"0.1",0,1
"Pennsylvania","New York",2020-04-07,152,"0.1",0,1
"Rhode Island","New Jersey",2020-04-07,10,"0.1",0,1
"South Carolina","New Jersey",2020-04-07,53,"0.1",0,1
"Vermont","New York",2020-04-07,5,"0.1",0,1
"Virginia","New Jersey",2020-04-07,71,"0.1",0,1
"West Virginia","New Jersey",2020-04-07,27,"0.1",0,1
"Connecticut","New Jersey",2020-04-07,15,"0.1",0.05,0.5
"Connecticut","New York",2020-04-07,20,"0.1",0.05,0.5
"Delaware","New Jersey",2020-04-07,11,"0.1",0.05,0.5
"Florida","New Jersey",2020-04-07,246,"0.1",0.05,0.5
"Georgia","New Jersey",2020-04-07,115,"0.1",0.05,0.5
"Illinois","New York",2020-04-07,115,"0.1",0.05,0.5
"Indiana","New York",2020-04-07,77,"0.1",0.05,0.5
"Kentucky","New York",2020-04-07,49,"0.1",0.05,0.5
"Maine","New York",2020-04-07,11,"0.1",0.05,0.5
"Maryland","New Jersey",2020-04-07,50,"0.1",0.05,0.5
"Massachusetts","New York",2020-04-07,75,"0.1",0.05,0.5
"Michigan","New York",2020-04-07,94,"0.1",0.05,0.5
"Mississippi","Louisiana",2020-04-07,33,"0.1",0.05,0.5
"New Hampshire","New York",2020-04-07,11,"0.1",0.05,0.5
"North Carolina","New Jersey",2020-04-07,98,"0.1",0.05,0.5
"Ohio","New York",2020-04-07,138,"0.1",0.05,0.5
"Pennsylvania","New York",2020-04-07,152,"0.1",0.05,0.5
"Rhode Island","New Jersey",2020-04-07,10,"0.1",0.05,0.5
"South Carolina","New Jersey",2020-04-07,53,"0.1",0.05,0.5
"Tennessee","New York",2020-04-07,82,"0.1",0.05,0.5
"Vermont","New York",2020-04-07,5,"0.1",0.05,0.5
"Virginia","New Jersey",2020-04-07,71,"0.1",0.05,0.5
"West Virginia","New York",2020-04-07,27,"0.1",0.05,0.5
"Wisconsin","New York",2020-04-07,6,"0.1",0.05,0.5
"Connecticut","New Jersey",2020-04-07,35,"0.1",0.05,0.75
"Delaware","New Jersey",2020-04-07,11,"0.1",0.05,0.75
"Florida","New Jersey",2020-04-07,68,"0.1",0.05,0.75
"Georgia","New Jersey",2020-04-07,115,"0.1",0.05,0.75
"Illinois","New York",2020-04-07,69,"0.1",0.05,0.75
"Indiana","New York",2020-04-07,77,"0.1",0.05,0.75
"Kentucky","New Jersey",2020-04-07,49,"0.1",0.05,0.75
"Maine","New York",2020-04-07,11,"0.1",0.05,0.75
"Maryland","New Jersey",2020-04-07,50,"0.1",0.05,0.75
"Massachusetts","New York",2020-04-07,75,"0.1",0.05,0.75
"Michigan","New York",2020-04-07,94,"0.1",0.05,0.75
"Mississippi","Louisiana",2020-04-07,33,"0.1",0.05,0.75
"New Hampshire","New York",2020-04-07,11,"0.1",0.05,0.75
"North Carolina","New Jersey",2020-04-07,98,"0.1",0.05,0.75
"Ohio","New York",2020-04-07,138,"0.1",0.05,0.75
"Pennsylvania","New York",2020-04-07,152,"0.1",0.05,0.75
"Rhode Island","New Jersey",2020-04-07,10,"0.1",0.05,0.75
"South Carolina","New Jersey",2020-04-07,53,"0.1",0.05,0.75
"Tennessee","New Jersey",2020-04-07,82,"0.1",0.05,0.75
"Vermont","New York",2020-04-07,5,"0.1",0.05,0.75
"Virginia","New Jersey",2020-04-07,71,"0.1",0.05,0.75
"West Virginia","New Jersey",2020-04-07,27,"0.1",0.05,0.75
"Connecticut","New Jersey",2020-04-07,35,"0.1",0.05,0.9
"Delaware","New Jersey",2020-04-07,11,"0.1",0.05,0.9
"Georgia","New Jersey",2020-04-07,115,"0.1",0.05,0.9
"Indiana","New York",2020-04-07,77,"0.1",0.05,0.9
"Kentucky","New Jersey",2020-04-07,49,"0.1",0.05,0.9
"Maine","New York",2020-04-07,11,"0.1",0.05,0.9
"Maryland","New Jersey",2020-04-07,50,"0.1",0.05,0.9
"Massachusetts","New Jersey",2020-04-07,75,"0.1",0.05,0.9
"Michigan","New York",2020-04-07,94,"0.1",0.05,0.9
"Mississippi","Louisiana",2020-04-07,21,"0.1",0.05,0.9
"New Hampshire","New York",2020-04-07,11,"0.1",0.05,0.9
"North Carolina","New Jersey",2020-04-07,98,"0.1",0.05,0.9
"Ohio","New York",2020-04-07,138,"0.1",0.05,0.9
"Pennsylvania","New York",2020-04-07,152,"0.1",0.05,0.9
"Rhode Island","New Jersey",2020-04-07,10,"0.1",0.05,0.9
"South Carolina","New Jersey",2020-04-07,53,"0.1",0.05,0.9
"Vermont","New York",2020-04-07,5,"0.1",0.05,0.9
"Virginia","New Jersey",2020-04-07,71,"0.1",0.05,0.9
"West Virginia","New Jersey",2020-04-07,27,"0.1",0.05,0.9
"Connecticut","New Jersey",2020-04-07,35,"0.1",0.05,1
"Delaware","New Jersey",2020-04-07,11,"0.1",0.05,1
"Georgia","New Jersey",2020-04-07,115,"0.1",0.05,1
"Indiana","New York",2020-04-07,77,"0.1",0.05,1
"Kentucky","New Jersey",2020-04-07,49,"0.1",0.05,1
"Maine","New York",2020-04-07,11,"0.1",0.05,1
"Maryland","New Jersey",2020-04-07,50,"0.1",0.05,1
"Massachusetts","New Jersey",2020-04-07,75,"0.1",0.05,1
"Michigan","New York",2020-04-07,94,"0.1",0.05,1
"Mississippi","Louisiana",2020-04-07,21,"0.1",0.05,1
"New Hampshire","New York",2020-04-07,11,"0.1",0.05,1
"North Carolina","New Jersey",2020-04-07,98,"0.1",0.05,1
"Ohio","New York",2020-04-07,138,"0.1",0.05,1
"Pennsylvania","New York",2020-04-07,152,"0.1",0.05,1
"Rhode Island","New Jersey",2020-04-07,10,"0.1",0.05,1
"South Carolina","New Jersey",2020-04-07,53,"0.1",0.05,1
"Vermont","New York",2020-04-07,5,"0.1",0.05,1
"Virginia","New Jersey",2020-04-07,71,"0.1",0.05,1
"West Virginia","New Jersey",2020-04-07,27,"0.1",0.05,1
"Alabama","Louisiana",2020-04-07,21,"0.1",0.1,0.5
"Alabama","New Jersey",2020-04-07,11,"0.1",0.1,0.5
"Connecticut","New Jersey",2020-04-07,4,"0.1",0.1,0.5
"Connecticut","New York",2020-04-07,31,"0.1",0.1,0.5
"Delaware","New Jersey",2020-04-07,11,"0.1",0.1,0.5
"Florida","New Jersey",2020-04-07,246,"0.1",0.1,0.5
"Georgia","New Jersey",2020-04-07,115,"0.1",0.1,0.5
"Illinois","New York",2020-04-07,115,"0.1",0.1,0.5
"Indiana","New York",2020-04-07,77,"0.1",0.1,0.5
"Kentucky","New York",2020-04-07,49,"0.1",0.1,0.5
"Maine","New York",2020-04-07,11,"0.1",0.1,0.5
"Maryland","New Jersey",2020-04-07,50,"0.1",0.1,0.5
"Massachusetts","New York",2020-04-07,75,"0.1",0.1,0.5
"Michigan","New York",2020-04-07,94,"0.1",0.1,0.5
"Mississippi","Louisiana",2020-04-07,39,"0.1",0.1,0.5
"New Hampshire","New York",2020-04-07,11,"0.1",0.1,0.5
"North Carolina","New Jersey",2020-04-07,98,"0.1",0.1,0.5
"Ohio","New York",2020-04-07,138,"0.1",0.1,0.5
"Pennsylvania","New York",2020-04-07,152,"0.1",0.1,0.5
"Rhode Island","New Jersey",2020-04-07,10,"0.1",0.1,0.5
"South Carolina","New Jersey",2020-04-07,53,"0.1",0.1,0.5
"Tennessee","New York",2020-04-07,82,"0.1",0.1,0.5
"Vermont","New York",2020-04-07,5,"0.1",0.1,0.5
"Virginia","New Jersey",2020-04-07,71,"0.1",0.1,0.5
"West Virginia","New York",2020-04-07,27,"0.1",0.1,0.5
"Wisconsin","New York",2020-04-07,44,"0.1",0.1,0.5
"Arkansas","Louisiana",2020-04-08,33,"0.1",0.1,0.5
"Connecticut","New Jersey",2020-04-07,35,"0.1",0.1,0.75
"Delaware","New Jersey",2020-04-07,11,"0.1",0.1,0.75
"Florida","New Jersey",2020-04-07,68,"0.1",0.1,0.75
"Georgia","New Jersey",2020-04-07,115,"0.1",0.1,0.75
"Illinois","New York",2020-04-07,74,"0.1",0.1,0.75
"Indiana","New York",2020-04-07,77,"0.1",0.1,0.75
"Kentucky","New Jersey",2020-04-07,49,"0.1",0.1,0.75
"Maine","New York",2020-04-07,11,"0.1",0.1,0.75
"Maryland","New Jersey",2020-04-07,50,"0.1",0.1,0.75
"Massachusetts","New York",2020-04-07,75,"0.1",0.1,0.75
"Michigan","New York",2020-04-07,94,"0.1",0.1,0.75
"Mississippi","Louisiana",2020-04-07,33,"0.1",0.1,0.75
"New Hampshire","New York",2020-04-07,11,"0.1",0.1,0.75
"North Carolina","New Jersey",2020-04-07,98,"0.1",0.1,0.75
"Ohio","New York",2020-04-07,138,"0.1",0.1,0.75
"Pennsylvania","New York",2020-04-07,152,"0.1",0.1,0.75
"Rhode Island","New Jersey",2020-04-07,10,"0.1",0.1,0.75
"South Carolina","New Jersey",2020-04-07,53,"0.1",0.1,0.75
"Tennessee","New Jersey",2020-04-07,82,"0.1",0.1,0.75
"Vermont","New York",2020-04-07,5,"0.1",0.1,0.75
"Virginia","New Jersey",2020-04-07,71,"0.1",0.1,0.75
"West Virginia","New Jersey",2020-04-07,27,"0.1",0.1,0.75
"Connecticut","New Jersey",2020-04-07,35,"0.1",0.1,0.9
"Delaware","New Jersey",2020-04-07,11,"0.1",0.1,0.9
"Florida","New Jersey",2020-04-07,7,"0.1",0.1,0.9
"Georgia","New Jersey",2020-04-07,115,"0.1",0.1,0.9
"Indiana","New York",2020-04-07,77,"0.1",0.1,0.9
"Kentucky","New Jersey",2020-04-07,49,"0.1",0.1,0.9
"Maine","New York",2020-04-07,11,"0.1",0.1,0.9
"Maryland","New Jersey",2020-04-07,50,"0.1",0.1,0.9
"Massachusetts","New Jersey",2020-04-07,61,"0.1",0.1,0.9
"Massachusetts","New York",2020-04-07,14,"0.1",0.1,0.9
"Michigan","New York",2020-04-07,94,"0.1",0.1,0.9
"Mississippi","Louisiana",2020-04-07,33,"0.1",0.1,0.9
"New Hampshire","New York",2020-04-07,11,"0.1",0.1,0.9
"North Carolina","New Jersey",2020-04-07,98,"0.1",0.1,0.9
"Ohio","New York",2020-04-07,138,"0.1",0.1,0.9
"Pennsylvania","New York",2020-04-07,152,"0.1",0.1,0.9
"Rhode Island","New Jersey",2020-04-07,10,"0.1",0.1,0.9
"South Carolina","New Jersey",2020-04-07,53,"0.1",0.1,0.9
"Tennessee","New Jersey",2020-04-07,82,"0.1",0.1,0.9
"Vermont","New York",2020-04-07,5,"0.1",0.1,0.9
"Virginia","New Jersey",2020-04-07,71,"0.1",0.1,0.9
"West Virginia","New Jersey",2020-04-07,27,"0.1",0.1,0.9
"Connecticut","New Jersey",2020-04-07,35,"0.1",0.1,1
"Delaware","New Jersey",2020-04-07,11,"0.1",0.1,1
"Georgia","New Jersey",2020-04-07,114,"0.1",0.1,1
"Indiana","New York",2020-04-07,77,"0.1",0.1,1
"Kentucky","New Jersey",2020-04-07,49,"0.1",0.1,1
"Maine","New York",2020-04-07,11,"0.1",0.1,1
"Maryland","New Jersey",2020-04-07,50,"0.1",0.1,1
"Massachusetts","New Jersey",2020-04-07,75,"0.1",0.1,1
"Michigan","New York",2020-04-07,94,"0.1",0.1,1
"Mississippi","Louisiana",2020-04-07,33,"0.1",0.1,1
"New Hampshire","New York",2020-04-07,11,"0.1",0.1,1
"North Carolina","New Jersey",2020-04-07,98,"0.1",0.1,1
"Ohio","New York",2020-04-07,138,"0.1",0.1,1
"Pennsylvania","New York",2020-04-07,152,"0.1",0.1,1
"Rhode Island","New Jersey",2020-04-07,10,"0.1",0.1,1
"South Carolina","New Jersey",2020-04-07,53,"0.1",0.1,1
"Vermont","New York",2020-04-07,5,"0.1",0.1,1
"Virginia","New Jersey",2020-04-07,71,"0.1",0.1,1
"West Virginia","New Jersey",2020-04-07,27,"0.1",0.1,1
"Alabama","New Jersey",2020-04-07,30,"0.1",0.2,0.5
"Alabama","New York",2020-04-07,18,"0.1",0.2,0.5
"Connecticut","New York",2020-04-07,8,"0.1",0.2,0.5
"Delaware","New Jersey",2020-04-07,11,"0.1",0.2,0.5
"Florida","New Jersey",2020-04-07,246,"0.1",0.2,0.5
"Georgia","New Jersey",2020-04-07,115,"0.1",0.2,0.5
"Illinois","New York",2020-04-07,115,"0.1",0.2,0.5
"Indiana","New York",2020-04-07,77,"0.1",0.2,0.5
"Kentucky","New York",2020-04-07,49,"0.1",0.2,0.5
"Maine","New York",2020-04-07,11,"0.1",0.2,0.5
"Maryland","New Jersey",2020-04-07,50,"0.1",0.2,0.5
"Massachusetts","New York",2020-04-07,75,"0.1",0.2,0.5
"Michigan","New York",2020-04-07,28,"0.1",0.2,0.5
"Mississippi","Louisiana",2020-04-07,39,"0.1",0.2,0.5
"Missouri","New York",2020-04-07,61,"0.1",0.2,0.5
"New Hampshire","New York",2020-04-07,11,"0.1",0.2,0.5
"North Carolina","New Jersey",2020-04-07,98,"0.1",0.2,0.5
"Ohio","New York",2020-04-07,138,"0.1",0.2,0.5
"Pennsylvania","New York",2020-04-07,152,"0.1",0.2,0.5
"Rhode Island","New York",2020-04-07,10,"0.1",0.2,0.5
"South Carolina","New Jersey",2020-04-07,53,"0.1",0.2,0.5
"Tennessee","New York",2020-04-07,82,"0.1",0.2,0.5
"Texas","Louisiana",2020-04-07,207,"0.1",0.2,0.5
"Vermont","New York",2020-04-07,5,"0.1",0.2,0.5
"Virginia","New Jersey",2020-04-07,71,"0.1",0.2,0.5
"West Virginia","New York",2020-04-07,27,"0.1",0.2,0.5
"Wisconsin","New York",2020-04-07,44,"0.1",0.2,0.5
"Arkansas","Louisiana",2020-04-10,33,"0.1",0.2,0.5
"Alabama","Louisiana",2020-04-07,33,"0.1",0.2,0.75
"Arkansas","Louisiana",2020-04-07,33,"0.1",0.2,0.75
"Connecticut","New Jersey",2020-04-07,35,"0.1",0.2,0.75
"Delaware","New Jersey",2020-04-07,11,"0.1",0.2,0.75
"Florida","New Jersey",2020-04-07,195,"0.1",0.2,0.75
"Georgia","New Jersey",2020-04-07,115,"0.1",0.2,0.75
"Illinois","New York",2020-04-07,115,"0.1",0.2,0.75
"Indiana","New York",2020-04-07,77,"0.1",0.2,0.75
"Kentucky","New York",2020-04-07,49,"0.1",0.2,0.75
"Maine","New York",2020-04-07,11,"0.1",0.2,0.75
"Maryland","New Jersey",2020-04-07,50,"0.1",0.2,0.75
"Massachusetts","New York",2020-04-07,75,"0.1",0.2,0.75
"Michigan","New York",2020-04-07,88,"0.1",0.2,0.75
"Mississippi","Louisiana",2020-04-07,39,"0.1",0.2,0.75
"New Hampshire","New York",2020-04-07,11,"0.1",0.2,0.75
"North Carolina","New Jersey",2020-04-07,98,"0.1",0.2,0.75
"Ohio","New York",2020-04-07,138,"0.1",0.2,0.75
"Pennsylvania","New York",2020-04-07,152,"0.1",0.2,0.75
"Rhode Island","New Jersey",2020-04-07,10,"0.1",0.2,0.75
"South Carolina","New Jersey",2020-04-07,53,"0.1",0.2,0.75
"Tennessee","New Jersey",2020-04-07,4,"0.1",0.2,0.75
"Tennessee","New York",2020-04-07,78,"0.1",0.2,0.75
"Vermont","New York",2020-04-07,5,"0.1",0.2,0.75
"Virginia","New Jersey",2020-04-07,71,"0.1",0.2,0.75
"West Virginia","New Jersey",2020-04-07,27,"0.1",0.2,0.75
"Alabama","Louisiana",2020-04-07,34,"0.1",0.2,0.9
"Arkansas","Louisiana",2020-04-07,33,"0.1",0.2,0.9
"Connecticut","New Jersey",2020-04-07,35,"0.1",0.2,0.9
"Delaware","New Jersey",2020-04-07,11,"0.1",0.2,0.9
"Florida","New Jersey",2020-04-07,34,"0.1",0.2,0.9
"Georgia","New Jersey",2020-04-07,115,"0.1",0.2,0.9
"Indiana","New York",2020-04-07,77,"0.1",0.2,0.9
"Kentucky","New Jersey",2020-04-07,49,"0.1",0.2,0.9
"Maine","New York",2020-04-07,11,"0.1",0.2,0.9
"Maryland","New Jersey",2020-04-07,50,"0.1",0.2,0.9
"Massachusetts","New Jersey",2020-04-07,34,"0.1",0.2,0.9
"Massachusetts","New York",2020-04-07,41,"0.1",0.2,0.9
"Michigan","New York",2020-04-07,89,"0.1",0.2,0.9
"Mississippi","Louisiana",2020-04-07,39,"0.1",0.2,0.9
"New Hampshire","New York",2020-04-07,11,"0.1",0.2,0.9
"North Carolina","New Jersey",2020-04-07,98,"0.1",0.2,0.9
"Ohio","New York",2020-04-07,138,"0.1",0.2,0.9
"Pennsylvania","New York",2020-04-07,152,"0.1",0.2,0.9
"Rhode Island","New Jersey",2020-04-07,10,"0.1",0.2,0.9
"South Carolina","New Jersey",2020-04-07,53,"0.1",0.2,0.9
"Tennessee","New Jersey",2020-04-07,82,"0.1",0.2,0.9
"Vermont","New York",2020-04-07,5,"0.1",0.2,0.9
"Virginia","New Jersey",2020-04-07,71,"0.1",0.2,0.9
"West Virginia","New Jersey",2020-04-07,27,"0.1",0.2,0.9
"Arkansas","Louisiana",2020-04-07,33,"0.1",0.2,1
"Connecticut","New Jersey",2020-04-07,35,"0.1",0.2,1
"Delaware","New Jersey",2020-04-07,11,"0.1",0.2,1
"Georgia","New Jersey",2020-04-07,115,"0.1",0.2,1
"Indiana","New York",2020-04-07,77,"0.1",0.2,1
"Kentucky","New Jersey",2020-04-07,49,"0.1",0.2,1
"Maine","New York",2020-04-07,11,"0.1",0.2,1
"Maryland","New Jersey",2020-04-07,50,"0.1",0.2,1
"Massachusetts","New Jersey",2020-04-07,75,"0.1",0.2,1
"Michigan","New York",2020-04-07,89,"0.1",0.2,1
"Mississippi","Louisiana",2020-04-07,39,"0.1",0.2,1
"New Hampshire","New York",2020-04-07,11,"0.1",0.2,1
"North Carolina","New Jersey",2020-04-07,98,"0.1",0.2,1
"Ohio","New York",2020-04-07,138,"0.1",0.2,1
"Pennsylvania","New York",2020-04-07,152,"0.1",0.2,1
"Rhode Island","New Jersey",2020-04-07,10,"0.1",0.2,1
"South Carolina","New Jersey",2020-04-07,53,"0.1",0.2,1
"Tennessee","New Jersey",2020-04-07,4,"0.1",0.2,1
"Vermont","New York",2020-04-07,5,"0.1",0.2,1
"Virginia","New Jersey",2020-04-07,71,"0.1",0.2,1
"West Virginia","New Jersey",2020-04-07,27,"0.1",0.2,1
"Alabama","New Jersey",2020-04-07,24,"0.05",0,0.5
"Arizona","New York",2020-04-07,37,"0.05",0,0.5
"Arkansas","New Jersey",2020-04-07,16,"0.05",0,0.5
"California","New York",2020-04-07,30,"0.05",0,0.5
"Colorado","New York",2020-04-07,26,"0.05",0,0.5
"Connecticut","New Jersey",2020-04-07,18,"0.05",0,0.5
"Delaware","New Jersey",2020-04-07,5,"0.05",0,0.5
"Florida","New Jersey",2020-04-07,123,"0.05",0,0.5
"Georgia","New Jersey",2020-04-07,58,"0.05",0,0.5
"Idaho","New York",2020-04-07,5,"0.05",0,0.5
"Illinois","New York",2020-04-07,58,"0.05",0,0.5
"Indiana","New York",2020-04-07,39,"0.05",0,0.5
"Iowa","New York",2020-04-07,14,"0.05",0,0.5
"Kansas","New York",2020-04-07,13,"0.05",0,0.5
"Kentucky","New Jersey",2020-04-07,24,"0.05",0,0.5
"Maine","New York",2020-04-07,5,"0.05",0,0.5
"Maryland","New Jersey",2020-04-07,25,"0.05",0,0.5
"Massachusetts","New Jersey",2020-04-07,38,"0.05",0,0.5
"Michigan","New York",2020-04-07,47,"0.05",0,0.5
"Minnesota","New York",2020-04-07,22,"0.05",0,0.5
"Mississippi","New Jersey",2020-04-07,19,"0.05",0,0.5
"Missouri","New York",2020-04-07,37,"0.05",0,0.5
"Montana","New York",2020-04-07,4,"0.05",0,0.5
"Nebraska","New York",2020-04-07,13,"0.05",0,0.5
"Nevada","New York",2020-04-07,21,"0.05",0,0.5
"New Hampshire","New York",2020-04-07,6,"0.05",0,0.5
"New Mexico","New York",2020-04-07,9,"0.05",0,0.5
"North Carolina","New Jersey",2020-04-07,49,"0.05",0,0.5
"North Dakota","New York",2020-04-07,6,"0.05",0,0.5
"Ohio","New York",2020-04-07,69,"0.05",0,0.5
"Oklahoma","New York",2020-04-07,20,"0.05",0,0.5
"Oregon","New York",2020-04-07,14,"0.05",0,0.5
"Pennsylvania","New York",2020-04-07,76,"0.05",0,0.5
"Rhode Island","New Jersey",2020-04-07,5,"0.05",0,0.5
"South Carolina","New Jersey",2020-04-07,27,"0.05",0,0.5
"South Dakota","New York",2020-04-07,5,"0.05",0,0.5
"Tennessee","New Jersey",2020-04-07,41,"0.05",0,0.5
"Texas","New Jersey",2020-04-07,123,"0.05",0,0.5
"Utah","New York",2020-04-07,15,"0.05",0,0.5
"Vermont","New York",2020-04-07,3,"0.05",0,0.5
"Virginia","New Jersey",2020-04-07,36,"0.05",0,0.5
"Washington","New York",2020-04-07,24,"0.05",0,0.5
"West Virginia","New Jersey",2020-04-07,14,"0.05",0,0.5
"Wisconsin","New York",2020-04-07,22,"0.05",0,0.5
"Texas","Louisiana",2020-04-08,33,"0.05",0,0.5
"Alabama","New Jersey",2020-04-07,24,"0.05",0,0.75
"Arkansas","New Jersey",2020-04-07,16,"0.05",0,0.75
"Connecticut","New Jersey",2020-04-07,18,"0.05",0,0.75
"Delaware","New Jersey",2020-04-07,5,"0.05",0,0.75
"Florida","New Jersey",2020-04-07,123,"0.05",0,0.75
"Georgia","New Jersey",2020-04-07,58,"0.05",0,0.75
"Illinois","New York",2020-04-07,58,"0.05",0,0.75
"Indiana","New York",2020-04-07,39,"0.05",0,0.75
"Iowa","New York",2020-04-07,14,"0.05",0,0.75
"Kansas","New York",2020-04-07,13,"0.05",0,0.75
"Kentucky","New Jersey",2020-04-07,24,"0.05",0,0.75
"Maine","New York",2020-04-07,5,"0.05",0,0.75
"Maryland","New Jersey",2020-04-07,25,"0.05",0,0.75
"Massachusetts","New Jersey",2020-04-07,38,"0.05",0,0.75
"Michigan","New York",2020-04-07,47,"0.05",0,0.75
"Minnesota","New York",2020-04-07,22,"0.05",0,0.75
"Mississippi","New Jersey",2020-04-07,19,"0.05",0,0.75
"Missouri","New York",2020-04-07,37,"0.05",0,0.75
"Nebraska","New York",2020-04-07,13,"0.05",0,0.75
"New Hampshire","New York",2020-04-07,6,"0.05",0,0.75
"North Carolina","New Jersey",2020-04-07,49,"0.05",0,0.75
"North Dakota","New York",2020-04-07,6,"0.05",0,0.75
"Ohio","New York",2020-04-07,69,"0.05",0,0.75
"Oklahoma","New York",2020-04-07,20,"0.05",0,0.75
"Pennsylvania","New York",2020-04-07,76,"0.05",0,0.75
"Rhode Island","New Jersey",2020-04-07,5,"0.05",0,0.75
"South Carolina","New Jersey",2020-04-07,27,"0.05",0,0.75
"South Dakota","New York",2020-04-07,5,"0.05",0,0.75
"Tennessee","New Jersey",2020-04-07,41,"0.05",0,0.75
"Texas","New Jersey",2020-04-07,26,"0.05",0,0.75
"Vermont","New York",2020-04-07,3,"0.05",0,0.75
"Virginia","New Jersey",2020-04-07,36,"0.05",0,0.75
"West Virginia","New Jersey",2020-04-07,14,"0.05",0,0.75
"Wisconsin","New York",2020-04-07,22,"0.05",0,0.75
"Texas","Louisiana",2020-04-08,33,"0.05",0,0.75
"Alabama","New Jersey",2020-04-07,24,"0.05",0,0.9
"Arkansas","Louisiana",2020-04-07,16,"0.05",0,0.9
"Connecticut","New Jersey",2020-04-07,18,"0.05",0,0.9
"Delaware","New Jersey",2020-04-07,5,"0.05",0,0.9
"Florida","New Jersey",2020-04-07,123,"0.05",0,0.9
"Georgia","New Jersey",2020-04-07,58,"0.05",0,0.9
"Illinois","New York",2020-04-07,58,"0.05",0,0.9
"Indiana","New York",2020-04-07,39,"0.05",0,0.9
"Iowa","New York",2020-04-07,14,"0.05",0,0.9
"Kentucky","New Jersey",2020-04-07,24,"0.05",0,0.9
"Maine","New York",2020-04-07,5,"0.05",0,0.9
"Maryland","New Jersey",2020-04-07,25,"0.05",0,0.9
"Massachusetts","New Jersey",2020-04-07,38,"0.05",0,0.9
"Michigan","New York",2020-04-07,47,"0.05",0,0.9
"Minnesota","New York",2020-04-07,22,"0.05",0,0.9
"Mississippi","Louisiana",2020-04-07,17,"0.05",0,0.9
"Mississippi","New Jersey",2020-04-07,2,"0.05",0,0.9
"Missouri","New York",2020-04-07,37,"0.05",0,0.9
"New Hampshire","New York",2020-04-07,6,"0.05",0,0.9
"North Carolina","New Jersey",2020-04-07,49,"0.05",0,0.9
"Ohio","New York",2020-04-07,69,"0.05",0,0.9
"Pennsylvania","New York",2020-04-07,76,"0.05",0,0.9
"Rhode Island","New Jersey",2020-04-07,5,"0.05",0,0.9
"South Carolina","New Jersey",2020-04-07,27,"0.05",0,0.9
"Tennessee","New Jersey",2020-04-07,41,"0.05",0,0.9
"Vermont","New York",2020-04-07,3,"0.05",0,0.9
"Virginia","New Jersey",2020-04-07,36,"0.05",0,0.9
"West Virginia","New Jersey",2020-04-07,14,"0.05",0,0.9
"Wisconsin","New York",2020-04-07,22,"0.05",0,0.9
"Alabama","New Jersey",2020-04-07,24,"0.05",0,1
"Connecticut","New Jersey",2020-04-07,18,"0.05",0,1
"Delaware","New Jersey",2020-04-07,5,"0.05",0,1
"Florida","New Jersey",2020-04-07,123,"0.05",0,1
"Georgia","New Jersey",2020-04-07,58,"0.05",0,1
"Illinois","New York",2020-04-07,58,"0.05",0,1
"Indiana","New York",2020-04-07,39,"0.05",0,1
"Kentucky","New Jersey",2020-04-07,24,"0.05",0,1
"Maine","New York",2020-04-07,5,"0.05",0,1
"Maryland","New Jersey",2020-04-07,25,"0.05",0,1
"Massachusetts","New Jersey",2020-04-07,38,"0.05",0,1
"Michigan","New York",2020-04-07,47,"0.05",0,1
"Missouri","New York",2020-04-07,17,"0.05",0,1
"New Hampshire","New York",2020-04-07,6,"0.05",0,1
"North Carolina","New Jersey",2020-04-07,49,"0.05",0,1
"Ohio","New York",2020-04-07,69,"0.05",0,1
"Pennsylvania","New York",2020-04-07,76,"0.05",0,1
"Rhode Island","New Jersey",2020-04-07,5,"0.05",0,1
"South Carolina","New Jersey",2020-04-07,27,"0.05",0,1
"Tennessee","New Jersey",2020-04-07,41,"0.05",0,1
"Vermont","New York",2020-04-07,3,"0.05",0,1
"Virginia","New Jersey",2020-04-07,36,"0.05",0,1
"West Virginia","New Jersey",2020-04-07,14,"0.05",0,1
"Wisconsin","New York",2020-04-07,22,"0.05",0,1
"Arkansas","Louisiana",2020-04-08,14,"0.05",0,1
"Mississippi","Louisiana",2020-04-08,19,"0.05",0,1
"Alabama","New Jersey",2020-04-07,24,"0.05",0.05,0.5
"Arizona","New York",2020-04-07,37,"0.05",0.05,0.5
"Arkansas","New Jersey",2020-04-07,16,"0.05",0.05,0.5
"California","New York",2020-04-07,89,"0.05",0.05,0.5
"Colorado","New York",2020-04-07,26,"0.05",0.05,0.5
"Connecticut","New Jersey",2020-04-07,18,"0.05",0.05,0.5
"Delaware","New Jersey",2020-04-07,5,"0.05",0.05,0.5
"Florida","New Jersey",2020-04-07,123,"0.05",0.05,0.5
"Georgia","New Jersey",2020-04-07,58,"0.05",0.05,0.5
"Idaho","New York",2020-04-07,5,"0.05",0.05,0.5
"Illinois","New York",2020-04-07,58,"0.05",0.05,0.5
"Indiana","New York",2020-04-07,39,"0.05",0.05,0.5
"Iowa","New York",2020-04-07,14,"0.05",0.05,0.5
"Kansas","New York",2020-04-07,13,"0.05",0.05,0.5
"Kentucky","New Jersey",2020-04-07,24,"0.05",0.05,0.5
"Maine","New York",2020-04-07,5,"0.05",0.05,0.5
"Maryland","New Jersey",2020-04-07,25,"0.05",0.05,0.5
"Massachusetts","New Jersey",2020-04-07,38,"0.05",0.05,0.5
"Michigan","New York",2020-04-07,47,"0.05",0.05,0.5
"Minnesota","New York",2020-04-07,22,"0.05",0.05,0.5
"Mississippi","New Jersey",2020-04-07,19,"0.05",0.05,0.5
"Missouri","New York",2020-04-07,37,"0.05",0.05,0.5
"Montana","New York",2020-04-07,4,"0.05",0.05,0.5
"Nebraska","New York",2020-04-07,13,"0.05",0.05,0.5
"Nevada","New York",2020-04-07,21,"0.05",0.05,0.5
"New Hampshire","New York",2020-04-07,6,"0.05",0.05,0.5
"New Mexico","New York",2020-04-07,9,"0.05",0.05,0.5
"North Carolina","New Jersey",2020-04-07,49,"0.05",0.05,0.5
"North Dakota","New York",2020-04-07,6,"0.05",0.05,0.5
"Ohio","New York",2020-04-07,69,"0.05",0.05,0.5
"Oklahoma","New York",2020-04-07,20,"0.05",0.05,0.5
"Oregon","New York",2020-04-07,14,"0.05",0.05,0.5
"Pennsylvania","New York",2020-04-07,76,"0.05",0.05,0.5
"Rhode Island","New Jersey",2020-04-07,5,"0.05",0.05,0.5
"South Carolina","New Jersey",2020-04-07,27,"0.05",0.05,0.5
"South Dakota","New York",2020-04-07,5,"0.05",0.05,0.5
"Tennessee","New Jersey",2020-04-07,41,"0.05",0.05,0.5
"Texas","Louisiana",2020-04-07,63,"0.05",0.05,0.5
"Texas","New Jersey",2020-04-07,93,"0.05",0.05,0.5
"Utah","New York",2020-04-07,15,"0.05",0.05,0.5
"Vermont","New York",2020-04-07,3,"0.05",0.05,0.5
"Virginia","New Jersey",2020-04-07,36,"0.05",0.05,0.5
"Washington","New York",2020-04-07,24,"0.05",0.05,0.5
"West Virginia","New Jersey",2020-04-07,14,"0.05",0.05,0.5
"Wisconsin","New York",2020-04-07,22,"0.05",0.05,0.5
"Alabama","New Jersey",2020-04-07,24,"0.05",0.05,0.75
"Arkansas","New Jersey",2020-04-07,16,"0.05",0.05,0.75
"Connecticut","New Jersey",2020-04-07,18,"0.05",0.05,0.75
"Delaware","New Jersey",2020-04-07,5,"0.05",0.05,0.75
"Florida","New Jersey",2020-04-07,123,"0.05",0.05,0.75
"Georgia","New Jersey",2020-04-07,58,"0.05",0.05,0.75
"Illinois","New York",2020-04-07,58,"0.05",0.05,0.75
"Indiana","New York",2020-04-07,39,"0.05",0.05,0.75
"Iowa","New York",2020-04-07,14,"0.05",0.05,0.75
"Kansas","New York",2020-04-07,13,"0.05",0.05,0.75
"Kentucky","New Jersey",2020-04-07,24,"0.05",0.05,0.75
"Maine","New York",2020-04-07,5,"0.05",0.05,0.75
"Maryland","New Jersey",2020-04-07,25,"0.05",0.05,0.75
"Massachusetts","New Jersey",2020-04-07,38,"0.05",0.05,0.75
"Michigan","New York",2020-04-07,47,"0.05",0.05,0.75
"Minnesota","New York",2020-04-07,22,"0.05",0.05,0.75
"Mississippi","New Jersey",2020-04-07,19,"0.05",0.05,0.75
"Missouri","New York",2020-04-07,37,"0.05",0.05,0.75
"Nebraska","New York",2020-04-07,13,"0.05",0.05,0.75
"New Hampshire","New York",2020-04-07,6,"0.05",0.05,0.75
"North Carolina","New Jersey",2020-04-07,49,"0.05",0.05,0.75
"North Dakota","New York",2020-04-07,2,"0.05",0.05,0.75
"Ohio","New York",2020-04-07,69,"0.05",0.05,0.75
"Oklahoma","New York",2020-04-07,20,"0.05",0.05,0.75
"Pennsylvania","New York",2020-04-07,76,"0.05",0.05,0.75
"Rhode Island","New Jersey",2020-04-07,5,"0.05",0.05,0.75
"South Carolina","New Jersey",2020-04-07,27,"0.05",0.05,0.75
"South Dakota","New York",2020-04-07,5,"0.05",0.05,0.75
"Tennessee","New Jersey",2020-04-07,41,"0.05",0.05,0.75
"Texas","Louisiana",2020-04-07,63,"0.05",0.05,0.75
"Vermont","New York",2020-04-07,3,"0.05",0.05,0.75
"Virginia","New Jersey",2020-04-07,36,"0.05",0.05,0.75
"West Virginia","New Jersey",2020-04-07,14,"0.05",0.05,0.75
"Wisconsin","New York",2020-04-07,22,"0.05",0.05,0.75
"Alabama","New Jersey",2020-04-07,24,"0.05",0.05,0.9
"Arkansas","New Jersey",2020-04-07,16,"0.05",0.05,0.9
"Connecticut","New Jersey",2020-04-07,18,"0.05",0.05,0.9
"Delaware","New Jersey",2020-04-07,5,"0.05",0.05,0.9
"Florida","New Jersey",2020-04-07,123,"0.05",0.05,0.9
"Georgia","New Jersey",2020-04-07,58,"0.05",0.05,0.9
"Illinois","New York",2020-04-07,58,"0.05",0.05,0.9
"Indiana","New York",2020-04-07,39,"0.05",0.05,0.9
"Iowa","New York",2020-04-07,14,"0.05",0.05,0.9
"Kentucky","New Jersey",2020-04-07,24,"0.05",0.05,0.9
"Maine","New York",2020-04-07,5,"0.05",0.05,0.9
"Maryland","New Jersey",2020-04-07,25,"0.05",0.05,0.9
"Massachusetts","New Jersey",2020-04-07,38,"0.05",0.05,0.9
"Michigan","New York",2020-04-07,47,"0.05",0.05,0.9
"Minnesota","New York",2020-04-07,22,"0.05",0.05,0.9
"Mississippi","New Jersey",2020-04-07,19,"0.05",0.05,0.9
"Missouri","New York",2020-04-07,37,"0.05",0.05,0.9
"New Hampshire","New York",2020-04-07,6,"0.05",0.05,0.9
"North Carolina","New Jersey",2020-04-07,49,"0.05",0.05,0.9
"Ohio","New York",2020-04-07,69,"0.05",0.05,0.9
"Pennsylvania","New York",2020-04-07,76,"0.05",0.05,0.9
"Rhode Island","New Jersey",2020-04-07,5,"0.05",0.05,0.9
"South Carolina","New Jersey",2020-04-07,27,"0.05",0.05,0.9
"Tennessee","New Jersey",2020-04-07,41,"0.05",0.05,0.9
"Texas","Louisiana",2020-04-07,33,"0.05",0.05,0.9
"Vermont","New York",2020-04-07,3,"0.05",0.05,0.9
"Virginia","New Jersey",2020-04-07,36,"0.05",0.05,0.9
"West Virginia","New Jersey",2020-04-07,14,"0.05",0.05,0.9
"Wisconsin","New York",2020-04-07,22,"0.05",0.05,0.9
"Alabama","New Jersey",2020-04-07,24,"0.05",0.05,1
"Arkansas","Louisiana",2020-04-07,14,"0.05",0.05,1
"Connecticut","New Jersey",2020-04-07,18,"0.05",0.05,1
"Delaware","New Jersey",2020-04-07,5,"0.05",0.05,1
"Florida","New Jersey",2020-04-07,123,"0.05",0.05,1
"Georgia","New Jersey",2020-04-07,58,"0.05",0.05,1
"Illinois","New York",2020-04-07,58,"0.05",0.05,1
"Indiana","New York",2020-04-07,39,"0.05",0.05,1
"Kentucky","New Jersey",2020-04-07,24,"0.05",0.05,1
"Maine","New York",2020-04-07,5,"0.05",0.05,1
"Maryland","New Jersey",2020-04-07,25,"0.05",0.05,1
"Massachusetts","New Jersey",2020-04-07,38,"0.05",0.05,1
"Michigan","New York",2020-04-07,47,"0.05",0.05,1
"Mississippi","Louisiana",2020-04-07,19,"0.05",0.05,1
"Missouri","New York",2020-04-07,17,"0.05",0.05,1
"New Hampshire","New York",2020-04-07,6,"0.05",0.05,1
"North Carolina","New Jersey",2020-04-07,49,"0.05",0.05,1
"Ohio","New York",2020-04-07,69,"0.05",0.05,1
"Pennsylvania","New York",2020-04-07,76,"0.05",0.05,1
"Rhode Island","New Jersey",2020-04-07,5,"0.05",0.05,1
"South Carolina","New Jersey",2020-04-07,27,"0.05",0.05,1
"Tennessee","New Jersey",2020-04-07,41,"0.05",0.05,1
"Vermont","New York",2020-04-07,3,"0.05",0.05,1
"Virginia","New Jersey",2020-04-07,36,"0.05",0.05,1
"West Virginia","New Jersey",2020-04-07,14,"0.05",0.05,1
"Wisconsin","New York",2020-04-07,22,"0.05",0.05,1
"Alabama","New Jersey",2020-04-07,24,"0.05",0.1,0.5
"Arizona","New York",2020-04-07,37,"0.05",0.1,0.5
"Arkansas","New Jersey",2020-04-07,16,"0.05",0.1,0.5
"California","New York",2020-04-07,125,"0.05",0.1,0.5
"Colorado","New York",2020-04-07,26,"0.05",0.1,0.5
"Connecticut","New Jersey",2020-04-07,18,"0.05",0.1,0.5
"Delaware","New Jersey",2020-04-07,5,"0.05",0.1,0.5
"Florida","New Jersey",2020-04-07,123,"0.05",0.1,0.5
"Georgia","New Jersey",2020-04-07,58,"0.05",0.1,0.5
"Idaho","New York",2020-04-07,5,"0.05",0.1,0.5
"Illinois","New York",2020-04-07,58,"0.05",0.1,0.5
"Indiana","New York",2020-04-07,39,"0.05",0.1,0.5
"Iowa","New York",2020-04-07,14,"0.05",0.1,0.5
"Kansas","New York",2020-04-07,13,"0.05",0.1,0.5
"Kentucky","New Jersey",2020-04-07,24,"0.05",0.1,0.5
"Maine","New York",2020-04-07,5,"0.05",0.1,0.5
"Maryland","New Jersey",2020-04-07,25,"0.05",0.1,0.5
"Massachusetts","New Jersey",2020-04-07,38,"0.05",0.1,0.5
"Michigan","New York",2020-04-07,47,"0.05",0.1,0.5
"Minnesota","New York",2020-04-07,22,"0.05",0.1,0.5
"Mississippi","New Jersey",2020-04-07,19,"0.05",0.1,0.5
"Missouri","New York",2020-04-07,37,"0.05",0.1,0.5
"Montana","New York",2020-04-07,4,"0.05",0.1,0.5
"Nebraska","New York",2020-04-07,13,"0.05",0.1,0.5
"Nevada","New York",2020-04-07,21,"0.05",0.1,0.5
"New Hampshire","New York",2020-04-07,6,"0.05",0.1,0.5
"New Mexico","New York",2020-04-07,9,"0.05",0.1,0.5
"North Carolina","New Jersey",2020-04-07,49,"0.05",0.1,0.5
"North Dakota","New York",2020-04-07,6,"0.05",0.1,0.5
"Ohio","New York",2020-04-07,69,"0.05",0.1,0.5
"Oklahoma","New York",2020-04-07,20,"0.05",0.1,0.5
"Oregon","New York",2020-04-07,14,"0.05",0.1,0.5
"Pennsylvania","New York",2020-04-07,76,"0.05",0.1,0.5
"Rhode Island","New Jersey",2020-04-07,5,"0.05",0.1,0.5
"South Carolina","New Jersey",2020-04-07,27,"0.05",0.1,0.5
"South Dakota","New York",2020-04-07,5,"0.05",0.1,0.5
"Tennessee","New Jersey",2020-04-07,41,"0.05",0.1,0.5
"Texas","Louisiana",2020-04-07,71,"0.05",0.1,0.5
"Texas","New Jersey",2020-04-07,85,"0.05",0.1,0.5
"Utah","New York",2020-04-07,15,"0.05",0.1,0.5
"Vermont","New York",2020-04-07,3,"0.05",0.1,0.5
"Virginia","New Jersey",2020-04-07,36,"0.05",0.1,0.5
"Washington","New York",2020-04-07,24,"0.05",0.1,0.5
"West Virginia","New Jersey",2020-04-07,14,"0.05",0.1,0.5
"Wisconsin","New York",2020-04-07,22,"0.05",0.1,0.5
"Alabama","New Jersey",2020-04-07,24,"0.05",0.1,0.75
"Arkansas","New Jersey",2020-04-07,16,"0.05",0.1,0.75
"Connecticut","New Jersey",2020-04-07,18,"0.05",0.1,0.75
"Delaware","New Jersey",2020-04-07,5,"0.05",0.1,0.75
"Florida","New Jersey",2020-04-07,123,"0.05",0.1,0.75
"Georgia","New Jersey",2020-04-07,58,"0.05",0.1,0.75
"Illinois","New York",2020-04-07,58,"0.05",0.1,0.75
"Indiana","New York",2020-04-07,39,"0.05",0.1,0.75
"Iowa","New York",2020-04-07,14,"0.05",0.1,0.75
"Kansas","New York",2020-04-07,13,"0.05",0.1,0.75
"Kentucky","New Jersey",2020-04-07,24,"0.05",0.1,0.75
"Maine","New York",2020-04-07,5,"0.05",0.1,0.75
"Maryland","New Jersey",2020-04-07,25,"0.05",0.1,0.75
"Massachusetts","New Jersey",2020-04-07,38,"0.05",0.1,0.75
"Michigan","New York",2020-04-07,47,"0.05",0.1,0.75
"Minnesota","New York",2020-04-07,22,"0.05",0.1,0.75
"Mississippi","New Jersey",2020-04-07,19,"0.05",0.1,0.75
"Missouri","New York",2020-04-07,37,"0.05",0.1,0.75
"Nebraska","New York",2020-04-07,13,"0.05",0.1,0.75
"New Hampshire","New York",2020-04-07,6,"0.05",0.1,0.75
"North Carolina","New Jersey",2020-04-07,49,"0.05",0.1,0.75
"North Dakota","New York",2020-04-07,6,"0.05",0.1,0.75
"Ohio","New York",2020-04-07,69,"0.05",0.1,0.75
"Oklahoma","New York",2020-04-07,20,"0.05",0.1,0.75
"Pennsylvania","New York",2020-04-07,76,"0.05",0.1,0.75
"Rhode Island","New Jersey",2020-04-07,5,"0.05",0.1,0.75
"South Carolina","New Jersey",2020-04-07,27,"0.05",0.1,0.75
"South Dakota","New York",2020-04-07,5,"0.05",0.1,0.75
"Tennessee","New Jersey",2020-04-07,41,"0.05",0.1,0.75
"Texas","Louisiana",2020-04-07,71,"0.05",0.1,0.75
"Texas","New Jersey",2020-04-07,85,"0.05",0.1,0.75
"Vermont","New York",2020-04-07,3,"0.05",0.1,0.75
"Virginia","New Jersey",2020-04-07,36,"0.05",0.1,0.75
"West Virginia","New Jersey",2020-04-07,14,"0.05",0.1,0.75
"Wisconsin","New York",2020-04-07,22,"0.05",0.1,0.75
"Alabama","New Jersey",2020-04-07,24,"0.05",0.1,0.9
"Arkansas","New Jersey",2020-04-07,16,"0.05",0.1,0.9
"Connecticut","New Jersey",2020-04-07,18,"0.05",0.1,0.9
"Delaware","New Jersey",2020-04-07,5,"0.05",0.1,0.9
"Florida","New Jersey",2020-04-07,123,"0.05",0.1,0.9
"Georgia","New Jersey",2020-04-07,58,"0.05",0.1,0.9
"Illinois","New York",2020-04-07,58,"0.05",0.1,0.9
"Indiana","New York",2020-04-07,39,"0.05",0.1,0.9
"Iowa","New York",2020-04-07,14,"0.05",0.1,0.9
"Kansas","New York",2020-04-07,8,"0.05",0.1,0.9
"Kentucky","New Jersey",2020-04-07,24,"0.05",0.1,0.9
"Maine","New York",2020-04-07,5,"0.05",0.1,0.9
"Maryland","New Jersey",2020-04-07,25,"0.05",0.1,0.9
"Massachusetts","New Jersey",2020-04-07,38,"0.05",0.1,0.9
"Michigan","New York",2020-04-07,47,"0.05",0.1,0.9
"Minnesota","New York",2020-04-07,22,"0.05",0.1,0.9
"Mississippi","New Jersey",2020-04-07,19,"0.05",0.1,0.9
"Missouri","New York",2020-04-07,37,"0.05",0.1,0.9
"New Hampshire","New York",2020-04-07,6,"0.05",0.1,0.9
"North Carolina","New Jersey",2020-04-07,49,"0.05",0.1,0.9
"Ohio","New York",2020-04-07,69,"0.05",0.1,0.9
"Oklahoma","New York",2020-04-07,20,"0.05",0.1,0.9
"Pennsylvania","New York",2020-04-07,76,"0.05",0.1,0.9
"Rhode Island","New Jersey",2020-04-07,5,"0.05",0.1,0.9
"South Carolina","New Jersey",2020-04-07,27,"0.05",0.1,0.9
"Tennessee","New Jersey",2020-04-07,41,"0.05",0.1,0.9
"Texas","Louisiana",2020-04-07,49,"0.05",0.1,0.9
"Vermont","New York",2020-04-07,3,"0.05",0.1,0.9
"Virginia","New Jersey",2020-04-07,36,"0.05",0.1,0.9
"West Virginia","New Jersey",2020-04-07,14,"0.05",0.1,0.9
"Wisconsin","New York",2020-04-07,22,"0.05",0.1,0.9
"Alabama","New Jersey",2020-04-07,24,"0.05",0.1,1
"Arkansas","Louisiana",2020-04-07,14,"0.05",0.1,1
"Connecticut","New Jersey",2020-04-07,18,"0.05",0.1,1
"Delaware","New Jersey",2020-04-07,5,"0.05",0.1,1
"Florida","New Jersey",2020-04-07,123,"0.05",0.1,1
"Georgia","New Jersey",2020-04-07,58,"0.05",0.1,1
"Illinois","New York",2020-04-07,58,"0.05",0.1,1
"Indiana","New York",2020-04-07,39,"0.05",0.1,1
"Kentucky","New Jersey",2020-04-07,24,"0.05",0.1,1
"Maine","New York",2020-04-07,5,"0.05",0.1,1
"Maryland","New Jersey",2020-04-07,25,"0.05",0.1,1
"Massachusetts","New Jersey",2020-04-07,38,"0.05",0.1,1
"Michigan","New York",2020-04-07,47,"0.05",0.1,1
"Mississippi","Louisiana",2020-04-07,19,"0.05",0.1,1
"Missouri","New York",2020-04-07,17,"0.05",0.1,1
"New Hampshire","New York",2020-04-07,6,"0.05",0.1,1
"North Carolina","New Jersey",2020-04-07,49,"0.05",0.1,1
"Ohio","New York",2020-04-07,69,"0.05",0.1,1
"Pennsylvania","New York",2020-04-07,76,"0.05",0.1,1
"Rhode Island","New Jersey",2020-04-07,5,"0.05",0.1,1
"South Carolina","New Jersey",2020-04-07,27,"0.05",0.1,1
"Tennessee","New Jersey",2020-04-07,41,"0.05",0.1,1
"Vermont","New York",2020-04-07,3,"0.05",0.1,1
"Virginia","New Jersey",2020-04-07,36,"0.05",0.1,1
"West Virginia","New Jersey",2020-04-07,14,"0.05",0.1,1
"Wisconsin","New York",2020-04-07,22,"0.05",0.1,1
"Alabama","New Jersey",2020-04-07,24,"0.05",0.2,0.5
"Arizona","New York",2020-04-07,37,"0.05",0.2,0.5
"Arkansas","New Jersey",2020-04-07,16,"0.05",0.2,0.5
"California","New York",2020-04-07,175,"0.05",0.2,0.5
"Colorado","New York",2020-04-07,26,"0.05",0.2,0.5
"Connecticut","New Jersey",2020-04-07,18,"0.05",0.2,0.5
"Delaware","New Jersey",2020-04-07,5,"0.05",0.2,0.5
"Florida","New Jersey",2020-04-07,123,"0.05",0.2,0.5
"Georgia","New Jersey",2020-04-07,58,"0.05",0.2,0.5
"Idaho","New York",2020-04-07,5,"0.05",0.2,0.5
"Illinois","New York",2020-04-07,58,"0.05",0.2,0.5
"Indiana","New York",2020-04-07,39,"0.05",0.2,0.5
"Iowa","New York",2020-04-07,14,"0.05",0.2,0.5
"Kansas","New York",2020-04-07,13,"0.05",0.2,0.5
"Kentucky","New Jersey",2020-04-07,24,"0.05",0.2,0.5
"Maine","New York",2020-04-07,5,"0.05",0.2,0.5
"Maryland","New Jersey",2020-04-07,25,"0.05",0.2,0.5
"Massachusetts","New Jersey",2020-04-07,38,"0.05",0.2,0.5
"Michigan","New York",2020-04-07,47,"0.05",0.2,0.5
"Minnesota","New York",2020-04-07,22,"0.05",0.2,0.5
"Mississippi","New Jersey",2020-04-07,19,"0.05",0.2,0.5
"Missouri","New York",2020-04-07,37,"0.05",0.2,0.5
"Montana","New York",2020-04-07,4,"0.05",0.2,0.5
"Nebraska","New York",2020-04-07,13,"0.05",0.2,0.5
"Nevada","New York",2020-04-07,21,"0.05",0.2,0.5
"New Hampshire","New York",2020-04-07,6,"0.05",0.2,0.5
"New Mexico","New York",2020-04-07,9,"0.05",0.2,0.5
"North Carolina","New Jersey",2020-04-07,49,"0.05",0.2,0.5
"North Dakota","New York",2020-04-07,6,"0.05",0.2,0.5
"Ohio","New York",2020-04-07,69,"0.05",0.2,0.5
"Oklahoma","New York",2020-04-07,20,"0.05",0.2,0.5
"Oregon","New York",2020-04-07,14,"0.05",0.2,0.5
"Pennsylvania","New York",2020-04-07,76,"0.05",0.2,0.5
"Rhode Island","New Jersey",2020-04-07,5,"0.05",0.2,0.5
"South Carolina","New Jersey",2020-04-07,27,"0.05",0.2,0.5
"South Dakota","New York",2020-04-07,5,"0.05",0.2,0.5
"Tennessee","New Jersey",2020-04-07,41,"0.05",0.2,0.5
"Texas","Louisiana",2020-04-07,71,"0.05",0.2,0.5
"Texas","New Jersey",2020-04-07,85,"0.05",0.2,0.5
"Utah","New York",2020-04-07,15,"0.05",0.2,0.5
"Vermont","New York",2020-04-07,3,"0.05",0.2,0.5
"Virginia","New Jersey",2020-04-07,36,"0.05",0.2,0.5
"Washington","New York",2020-04-07,24,"0.05",0.2,0.5
"West Virginia","New Jersey",2020-04-07,14,"0.05",0.2,0.5
"Wisconsin","New York",2020-04-07,22,"0.05",0.2,0.5
"Alabama","New Jersey",2020-04-07,24,"0.05",0.2,0.75
"Arkansas","New Jersey",2020-04-07,16,"0.05",0.2,0.75
"Colorado","New York",2020-04-07,26,"0.05",0.2,0.75
"Connecticut","New Jersey",2020-04-07,18,"0.05",0.2,0.75
"Delaware","New Jersey",2020-04-07,5,"0.05",0.2,0.75
"Florida","New Jersey",2020-04-07,123,"0.05",0.2,0.75
"Georgia","New Jersey",2020-04-07,58,"0.05",0.2,0.75
"Illinois","New York",2020-04-07,58,"0.05",0.2,0.75
"Indiana","New York",2020-04-07,39,"0.05",0.2,0.75
"Iowa","New York",2020-04-07,14,"0.05",0.2,0.75
"Kansas","New York",2020-04-07,13,"0.05",0.2,0.75
"Kentucky","New Jersey",2020-04-07,24,"0.05",0.2,0.75
"Maine","New York",2020-04-07,5,"0.05",0.2,0.75
"Maryland","New Jersey",2020-04-07,25,"0.05",0.2,0.75
"Massachusetts","New Jersey",2020-04-07,38,"0.05",0.2,0.75
"Michigan","New York",2020-04-07,47,"0.05",0.2,0.75
"Minnesota","New York",2020-04-07,22,"0.05",0.2,0.75
"Mississippi","New Jersey",2020-04-07,19,"0.05",0.2,0.75
"Missouri","New York",2020-04-07,37,"0.05",0.2,0.75
"Montana","New York",2020-04-07,4,"0.05",0.2,0.75
"Nebraska","New York",2020-04-07,13,"0.05",0.2,0.75
"New Hampshire","New York",2020-04-07,6,"0.05",0.2,0.75
"New Mexico","New York",2020-04-07,9,"0.05",0.2,0.75
"North Carolina","New Jersey",2020-04-07,49,"0.05",0.2,0.75
"North Dakota","New York",2020-04-07,6,"0.05",0.2,0.75
"Ohio","New York",2020-04-07,69,"0.05",0.2,0.75
"Oklahoma","New York",2020-04-07,20,"0.05",0.2,0.75
"Pennsylvania","New York",2020-04-07,76,"0.05",0.2,0.75
"Rhode Island","New Jersey",2020-04-07,5,"0.05",0.2,0.75
"South Carolina","New Jersey",2020-04-07,27,"0.05",0.2,0.75
"South Dakota","New York",2020-04-07,5,"0.05",0.2,0.75
"Tennessee","New Jersey",2020-04-07,41,"0.05",0.2,0.75
"Texas","Louisiana",2020-04-07,71,"0.05",0.2,0.75
"Texas","New Jersey",2020-04-07,85,"0.05",0.2,0.75
"Vermont","New York",2020-04-07,3,"0.05",0.2,0.75
"Virginia","New Jersey",2020-04-07,36,"0.05",0.2,0.75
"West Virginia","New Jersey",2020-04-07,14,"0.05",0.2,0.75
"Wisconsin","New York",2020-04-07,22,"0.05",0.2,0.75
"Alabama","New Jersey",2020-04-07,24,"0.05",0.2,0.9
"Arkansas","New Jersey",2020-04-07,16,"0.05",0.2,0.9
"Connecticut","New Jersey",2020-04-07,18,"0.05",0.2,0.9
"Delaware","New Jersey",2020-04-07,5,"0.05",0.2,0.9
"Florida","New Jersey",2020-04-07,123,"0.05",0.2,0.9
"Georgia","New Jersey",2020-04-07,58,"0.05",0.2,0.9
"Illinois","New York",2020-04-07,58,"0.05",0.2,0.9
"Indiana","New York",2020-04-07,39,"0.05",0.2,0.9
"Iowa","New York",2020-04-07,14,"0.05",0.2,0.9
"Kentucky","New Jersey",2020-04-07,24,"0.05",0.2,0.9
"Maine","New York",2020-04-07,5,"0.05",0.2,0.9
"Maryland","New Jersey",2020-04-07,25,"0.05",0.2,0.9
"Massachusetts","New Jersey",2020-04-07,38,"0.05",0.2,0.9
"Michigan","New York",2020-04-07,47,"0.05",0.2,0.9
"Minnesota","New York",2020-04-07,22,"0.05",0.2,0.9
"Mississippi","New Jersey",2020-04-07,19,"0.05",0.2,0.9
"Missouri","New York",2020-04-07,37,"0.05",0.2,0.9
"New Hampshire","New York",2020-04-07,6,"0.05",0.2,0.9
"North Carolina","New Jersey",2020-04-07,49,"0.05",0.2,0.9
"Ohio","New York",2020-04-07,69,"0.05",0.2,0.9
"Oklahoma","New York",2020-04-07,6,"0.05",0.2,0.9
"Pennsylvania","New York",2020-04-07,76,"0.05",0.2,0.9
"Rhode Island","New Jersey",2020-04-07,5,"0.05",0.2,0.9
"South Carolina","New Jersey",2020-04-07,27,"0.05",0.2,0.9
"Tennessee","New Jersey",2020-04-07,41,"0.05",0.2,0.9
"Texas","Louisiana",2020-04-07,105,"0.05",0.2,0.9
"Vermont","New York",2020-04-07,3,"0.05",0.2,0.9
"Virginia","New Jersey",2020-04-07,36,"0.05",0.2,0.9
"West Virginia","New Jersey",2020-04-07,14,"0.05",0.2,0.9
"Wisconsin","New York",2020-04-07,22,"0.05",0.2,0.9
"Alabama","New Jersey",2020-04-07,24,"0.05",0.2,1
"Arkansas","Louisiana",2020-04-07,16,"0.05",0.2,1
"Connecticut","New Jersey",2020-04-07,18,"0.05",0.2,1
"Delaware","New Jersey",2020-04-07,5,"0.05",0.2,1
"Florida","New Jersey",2020-04-07,123,"0.05",0.2,1
"Georgia","New Jersey",2020-04-07,58,"0.05",0.2,1
"Illinois","New York",2020-04-07,58,"0.05",0.2,1
"Indiana","New York",2020-04-07,39,"0.05",0.2,1
"Iowa","New York",2020-04-07,14,"0.05",0.2,1
"Kentucky","New Jersey",2020-04-07,24,"0.05",0.2,1
"Maine","New York",2020-04-07,5,"0.05",0.2,1
"Maryland","New Jersey",2020-04-07,25,"0.05",0.2,1
"Massachusetts","New Jersey",2020-04-07,38,"0.05",0.2,1
"Michigan","New York",2020-04-07,47,"0.05",0.2,1
"Minnesota","New York",2020-04-07,22,"0.05",0.2,1
"Mississippi","Louisiana",2020-04-07,12,"0.05",0.2,1
"Mississippi","New Jersey",2020-04-07,7,"0.05",0.2,1
"Missouri","New York",2020-04-07,37,"0.05",0.2,1
"New Hampshire","New York",2020-04-07,6,"0.05",0.2,1
"North Carolina","New Jersey",2020-04-07,49,"0.05",0.2,1
"Ohio","New York",2020-04-07,69,"0.05",0.2,1
"Pennsylvania","New York",2020-04-07,76,"0.05",0.2,1
"Rhode Island","New Jersey",2020-04-07,5,"0.05",0.2,1
"South Carolina","New Jersey",2020-04-07,27,"0.05",0.2,1
"Tennessee","New Jersey",2020-04-07,41,"0.05",0.2,1
"Texas","Louisiana",2020-04-07,5,"0.05",0.2,1
"Vermont","New York",2020-04-07,3,"0.05",0.2,1
"Virginia","New Jersey",2020-04-07,36,"0.05",0.2,1
"West Virginia","New Jersey",2020-04-07,14,"0.05",0.2,1
"Wisconsin","New York",2020-04-07,22,"0.05",0.2,1
